Id,Label
0,40
1,92
2,40
3,40
4,40
5,40
6,40
7,40
8,63
9,40
10,40
11,40
12,40
13,40
14,40
15,45
16,40
17,16
18,40
19,4
20,40
21,40
22,40
23,40
24,33
25,7
26,40
27,40
28,27
29,97
30,40
31,40
32,2
33,55
34,18
35,86
36,40
37,92
38,40
39,27
40,3
41,62
42,44
43,40
44,40
45,40
46,40
47,40
48,40
49,40
50,82
51,96
52,40
53,40
54,35
55,80
56,40
57,10
58,40
59,40
60,40
61,79
62,40
63,40
64,40
65,40
66,90
67,40
68,40
69,40
70,40
71,61
72,40
73,40
74,40
75,3
76,19
77,40
78,70
79,71
80,25
81,40
82,44
83,32
84,40
85,70
86,6
87,40
88,40
89,37
90,12
91,40
92,12
93,96
94,89
95,40
96,40
97,63
98,76
99,40
100,40
101,40
102,40
103,40
104,99
105,57
106,73
107,40
108,40
109,40
110,51
111,40
112,78
113,40
114,67
115,13
116,40
117,40
118,84
119,94
120,40
121,40
122,28
123,40
124,15
125,40
126,10
127,79
128,40
129,40
130,40
131,40
132,94
133,40
134,40
135,40
136,2
137,89
138,40
139,57
140,40
141,92
142,40
143,12
144,40
145,40
146,32
147,40
148,43
149,19
150,33
151,61
152,66
153,4
154,8
155,40
156,40
157,31
158,7
159,40
160,40
161,40
162,16
163,95
164,40
165,10
166,78
167,40
168,16
169,40
170,72
171,71
172,40
173,40
174,40
175,41
176,40
177,40
178,40
179,40
180,88
181,31
182,40
183,40
184,51
185,40
186,40
187,30
188,93
189,40
190,18
191,40
192,40
193,40
194,40
195,40
196,57
197,40
198,40
199,81
200,40
201,40
202,62
203,40
204,40
205,15
206,10
207,40
208,40
209,40
210,40
211,40
212,40
213,40
214,40
215,32
216,25
217,40
218,2
219,40
220,35
221,40
222,40
223,86
224,3
225,7
226,40
227,35
228,13
229,40
230,40
231,43
232,40
233,99
234,40
235,40
236,99
237,12
238,40
239,40
240,40
241,41
242,3
243,40
244,40
245,67
246,69
247,28
248,40
249,64
250,40
251,37
252,10
253,40
254,40
255,40
256,40
257,97
258,40
259,40
260,40
261,15
262,25
263,90
264,40
265,40
266,41
267,61
268,40
269,81
270,2
271,40
272,40
273,40
274,85
275,40
276,40
277,90
278,40
279,40
280,77
281,40
282,40
283,40
284,66
285,74
286,35
287,40
288,43
289,40
290,7
291,40
292,3
293,40
294,40
295,40
296,40
297,40
298,56
299,40
300,40
301,92
302,40
303,10
304,64
305,40
306,40
307,40
308,40
309,63
310,7
311,40
312,38
313,43
314,25
315,40
316,96
317,51
318,40
319,40
320,6
321,30
322,28
323,40
324,51
325,77
326,33
327,83
328,2
329,40
330,40
331,88
332,40
333,89
334,40
335,45
336,57
337,12
338,9
339,40
340,9
341,40
342,92
343,40
344,28
345,40
346,40
347,69
348,13
349,40
350,40
351,26
352,12
353,40
354,40
355,18
356,40
357,40
358,40
359,40
360,40
361,27
362,40
363,55
364,40
365,40
366,40
367,40
368,82
369,40
370,69
371,35
372,23
373,40
374,13
375,76
376,65
377,8
378,55
379,92
380,40
381,40
382,40
383,40
384,40
385,70
386,3
387,40
388,40
389,40
390,40
391,40
392,40
393,40
394,40
395,40
396,40
397,38
398,40
399,33
400,40
401,70
402,39
403,40
404,40
405,40
406,44
407,40
408,82
409,70
410,40
411,40
412,40
413,2
414,87
415,40
416,40
417,40
418,40
419,40
420,40
421,40
422,40
423,26
424,11
425,92
426,40
427,15
428,40
429,40
430,40
431,40
432,33
433,40
434,80
435,40
436,40
437,77
438,30
439,90
440,18
441,40
442,19
443,40
444,96
445,12
446,14
447,92
448,40
449,40
450,40
451,40
452,40
453,40
454,77
455,40
456,28
457,71
458,94
459,2
460,40
461,40
462,40
463,41
464,40
465,40
466,86
467,40
468,40
469,40
470,40
471,40
472,40
473,97
474,40
475,10
476,78
477,40
478,40
479,40
480,40
481,40
482,11
483,40
484,6
485,40
486,32
487,40
488,71
489,40
490,40
491,40
492,10
493,40
494,40
495,61
496,40
497,40
498,9
499,40
500,31
501,40
502,40
503,33
504,3
505,40
506,67
507,40
508,40
509,40
510,11
511,11
512,95
513,41
514,40
515,40
516,40
517,40
518,40
519,40
520,40
521,2
522,83
523,40
524,40
525,57
526,77
527,40
528,40
529,40
530,70
531,40
532,40
533,40
534,9
535,40
536,30
537,40
538,40
539,40
540,40
541,29
542,2
543,40
544,40
545,40
546,40
547,51
548,40
549,40
550,40
551,92
552,15
553,2
554,84
555,40
556,40
557,45
558,40
559,50
560,10
561,40
562,4
563,40
564,40
565,40
566,99
567,8
568,11
569,40
570,61
571,40
572,40
573,40
574,40
575,43
576,96
577,40
578,94
579,7
580,40
581,38
582,40
583,40
584,40
585,40
586,40
587,90
588,8
589,40
590,40
591,60
592,74
593,40
594,43
595,86
596,40
597,40
598,40
599,40
600,40
601,10
602,40
603,90
604,40
605,12
606,40
607,40
608,40
609,18
610,86
611,40
612,12
613,40
614,40
615,40
616,79
617,40
618,40
619,40
620,10
621,41
622,40
623,89
624,40
625,91
626,40
627,40
628,23
629,40
630,40
631,40
632,40
633,40
634,85
635,11
636,32
637,51
638,40
639,40
640,40
641,40
642,40
643,51
644,29
645,40
646,91
647,45
648,40
649,8
650,40
651,4
652,40
653,16
654,40
655,40
656,40
657,40
658,40
659,40
660,40
661,40
662,97
663,40
664,40
665,10
666,40
667,30
668,11
669,46
670,40
671,40
672,51
673,3
674,40
675,40
676,40
677,40
678,40
679,40
680,40
681,93
682,15
683,40
684,40
685,40
686,25
687,40
688,40
689,40
690,40
691,8
692,39
693,40
694,40
695,51
696,40
697,40
698,40
699,40
700,89
701,40
702,67
703,86
704,40
705,10
706,38
707,35
708,69
709,40
710,40
711,40
712,64
713,40
714,3
715,40
716,84
717,40
718,80
719,78
720,60
721,12
722,38
723,2
724,23
725,40
726,40
727,27
728,40
729,40
730,71
731,6
732,94
733,10
734,40
735,10
736,40
737,40
738,40
739,40
740,40
741,8
742,11
743,8
744,40
745,67
746,82
747,40
748,40
749,3
750,40
751,33
752,40
753,85
754,40
755,69
756,40
757,40
758,40
759,40
760,40
761,40
762,51
763,40
764,40
765,40
766,94
767,8
768,61
769,40
770,57
771,59
772,92
773,40
774,3
775,92
776,62
777,40
778,9
779,40
780,32
781,40
782,27
783,40
784,40
785,40
786,40
787,40
788,40
789,40
790,78
791,40
792,16
793,2
794,40
795,9
796,76
797,82
798,40
799,37
800,40
801,40
802,40
803,40
804,40
805,40
806,92
807,40
808,90
809,60
810,40
811,10
812,40
813,29
814,40
815,99
816,40
817,40
818,40
819,40
820,40
821,40
822,4
823,10
824,40
825,40
826,40
827,40
828,40
829,12
830,40
831,40
832,65
833,40
834,40
835,40
836,40
837,40
838,40
839,40
840,40
841,40
842,67
843,96
844,30
845,40
846,10
847,40
848,40
849,35
850,40
851,94
852,9
853,23
854,80
855,40
856,40
857,9
858,57
859,40
860,19
861,40
862,40
863,40
864,91
865,40
866,70
867,40
868,40
869,40
870,14
871,78
872,36
873,40
874,40
875,40
876,10
877,35
878,40
879,40
880,59
881,40
882,39
883,65
884,40
885,78
886,40
887,46
888,40
889,40
890,40
891,40
892,27
893,97
894,33
895,40
896,10
897,40
898,40
899,40
900,40
901,35
902,91
903,71
904,40
905,2
906,40
907,14
908,80
909,40
910,40
911,29
912,40
913,40
914,12
915,40
916,82
917,91
918,40
919,40
920,57
921,85
922,40
923,40
924,40
925,40
926,40
927,50
928,40
929,40
930,51
931,46
932,2
933,40
934,40
935,28
936,32
937,61
938,40
939,13
940,93
941,40
942,40
943,40
944,40
945,15
946,10
947,40
948,51
949,40
950,40
951,40
952,40
953,51
954,35
955,97
956,9
957,57
958,40
959,40
960,40
961,40
962,40
963,51
964,10
965,40
966,99
967,40
968,40
969,11
970,40
971,65
972,73
973,40
974,13
975,40
976,40
977,40
978,40
979,19
980,40
981,37
982,96
983,40
984,35
985,12
986,40
987,70
988,57
989,44
990,67
991,92
992,37
993,99
994,40
995,71
996,40
997,40
998,35
999,40
1000,40
1001,40
1002,40
1003,97
1004,40
1005,40
1006,11
1007,96
1008,40
1009,10
1010,96
1011,40
1012,30
1013,40
1014,40
1015,40
1016,40
1017,41
1018,35
1019,40
1020,40
1021,40
1022,40
1023,72
1024,40
1025,85
1026,10
1027,40
1028,37
1029,39
1030,40
1031,29
1032,13
1033,40
1034,40
1035,40
1036,40
1037,40
1038,62
1039,40
1040,12
1041,40
1042,40
1043,40
1044,82
1045,18
1046,40
1047,11
1048,40
1049,40
1050,40
1051,91
1052,57
1053,40
1054,40
1055,40
1056,40
1057,29
1058,40
1059,40
1060,40
1061,40
1062,40
1063,29
1064,61
1065,40
1066,78
1067,40
1068,16
1069,36
1070,40
1071,6
1072,40
1073,40
1074,40
1075,40
1076,40
1077,40
1078,40
1079,40
1080,40
1081,32
1082,94
1083,29
1084,95
1085,40
1086,40
1087,40
1088,40
1089,19
1090,40
1091,78
1092,40
1093,13
1094,8
1095,49
1096,40
1097,18
1098,32
1099,40
1100,61
1101,67
1102,40
1103,40
1104,7
1105,40
1106,40
1107,66
1108,29
1109,40
1110,91
1111,40
1112,82
1113,40
1114,64
1115,40
1116,36
1117,40
1118,71
1119,16
1120,40
1121,40
1122,40
1123,40
1124,40
1125,40
1126,40
1127,40
1128,40
1129,40
1130,92
1131,80
1132,40
1133,40
1134,40
1135,40
1136,73
1137,40
1138,43
1139,40
1140,87
1141,46
1142,40
1143,40
1144,40
1145,80
1146,40
1147,41
1148,40
1149,40
1150,40
1151,40
1152,40
1153,40
1154,26
1155,14
1156,40
1157,40
1158,40
1159,40
1160,25
1161,40
1162,40
1163,40
1164,40
1165,39
1166,40
1167,15
1168,40
1169,40
1170,40
1171,40
1172,40
1173,3
1174,40
1175,82
1176,40
1177,15
1178,12
1179,10
1180,9
1181,7
1182,13
1183,40
1184,40
1185,72
1186,51
1187,4
1188,92
1189,10
1190,59
1191,40
1192,40
1193,40
1194,40
1195,40
1196,40
1197,40
1198,40
1199,40
1200,40
1201,40
1202,40
1203,40
1204,40
1205,40
1206,40
1207,40
1208,40
1209,40
1210,65
1211,92
1212,40
1213,40
1214,43
1215,3
1216,40
1217,40
1218,40
1219,40
1220,40
1221,88
1222,40
1223,40
1224,40
1225,94
1226,40
1227,97
1228,10
1229,40
1230,40
1231,88
1232,25
1233,25
1234,40
1235,4
1236,40
1237,12
1238,40
1239,40
1240,91
1241,38
1242,40
1243,28
1244,44
1245,2
1246,40
1247,28
1248,40
1249,39
1250,2
1251,80
1252,40
1253,35
1254,40
1255,40
1256,41
1257,40
1258,40
1259,40
1260,40
1261,40
1262,40
1263,40
1264,40
1265,10
1266,96
1267,40
1268,89
1269,40
1270,39
1271,2
1272,57
1273,10
1274,40
1275,40
1276,40
1277,40
1278,40
1279,77
1280,40
1281,40
1282,40
1283,76
1284,43
1285,60
1286,40
1287,40
1288,40
1289,40
1290,40
1291,40
1292,18
1293,94
1294,92
1295,26
1296,40
1297,99
1298,40
1299,3
1300,11
1301,83
1302,40
1303,8
1304,72
1305,40
1306,40
1307,40
1308,29
1309,69
1310,40
1311,40
1312,40
1313,92
1314,95
1315,40
1316,40
1317,40
1318,40
1319,40
1320,33
1321,46
1322,40
1323,62
1324,40
1325,76
1326,86
1327,40
1328,11
1329,29
1330,40
1331,32
1332,40
1333,40
1334,40
1335,62
1336,40
1337,40
1338,40
1339,9
1340,40
1341,19
1342,40
1343,40
1344,16
1345,2
1346,79
1347,40
1348,40
1349,8
1350,40
1351,40
1352,40
1353,40
1354,89
1355,40
1356,26
1357,40
1358,40
1359,40
1360,40
1361,40
1362,57
1363,37
1364,10
1365,99
1366,40
1367,40
1368,10
1369,44
1370,43
1371,40
1372,40
1373,40
1374,40
1375,40
1376,9
1377,40
1378,13
1379,40
1380,40
1381,40
1382,82
1383,40
1384,76
1385,57
1386,23
1387,40
1388,87
1389,40
1390,50
1391,13
1392,78
1393,32
1394,40
1395,40
1396,40
1397,86
1398,10
1399,16
1400,40
1401,27
1402,40
1403,91
1404,40
1405,40
1406,40
1407,40
1408,57
1409,40
1410,33
1411,40
1412,40
1413,29
1414,40
1415,40
1416,40
1417,76
1418,40
1419,40
1420,40
1421,40
1422,40
1423,40
1424,40
1425,40
1426,40
1427,34
1428,40
1429,9
1430,40
1431,10
1432,32
1433,40
1434,40
1435,40
1436,40
1437,12
1438,3
1439,45
1440,12
1441,40
1442,40
1443,76
1444,84
1445,40
1446,4
1447,40
1448,51
1449,40
1450,62
1451,40
1452,40
1453,2
1454,45
1455,78
1456,19
1457,40
1458,40
1459,40
1460,40
1461,40
1462,40
1463,61
1464,40
1465,40
1466,40
1467,33
1468,82
1469,89
1470,40
1471,40
1472,40
1473,40
1474,40
1475,40
1476,40
1477,40
1478,6
1479,40
1480,19
1481,40
1482,11
1483,69
1484,40
1485,7
1486,25
1487,40
1488,40
1489,40
1490,66
1491,40
1492,82
1493,40
1494,13
1495,2
1496,40
1497,40
1498,40
1499,57
1500,82
1501,40
1502,40
1503,3
1504,40
1505,12
1506,44
1507,4
1508,28
1509,40
1510,36
1511,40
1512,40
1513,40
1514,40
1515,33
1516,40
1517,40
1518,40
1519,40
1520,40
1521,40
1522,40
1523,30
1524,40
1525,19
1526,19
1527,40
1528,89
1529,80
1530,40
1531,65
1532,40
1533,40
1534,40
1535,40
1536,40
1537,40
1538,40
1539,40
1540,40
1541,40
1542,40
1543,40
1544,40
1545,40
1546,40
1547,40
1548,40
1549,40
1550,69
1551,40
1552,40
1553,40
1554,3
1555,40
1556,71
1557,30
1558,40
1559,40
1560,2
1561,40
1562,10
1563,40
1564,40
1565,40
1566,40
1567,40
1568,40
1569,33
1570,40
1571,40
1572,40
1573,40
1574,85
1575,40
1576,99
1577,92
1578,15
1579,40
1580,40
1581,37
1582,70
1583,25
1584,41
1585,40
1586,70
1587,40
1588,40
1589,92
1590,40
1591,40
1592,96
1593,81
1594,40
1595,87
1596,40
1597,90
1598,40
1599,39
1600,33
1601,40
1602,40
1603,82
1604,33
1605,30
1606,9
1607,36
1608,40
1609,40
1610,3
1611,40
1612,67
1613,7
1614,40
1615,40
1616,40
1617,40
1618,40
1619,40
1620,40
1621,92
1622,40
1623,40
1624,95
1625,40
1626,63
1627,28
1628,40
1629,2
1630,40
1631,40
1632,40
1633,40
1634,2
1635,67
1636,7
1637,2
1638,44
1639,40
1640,12
1641,40
1642,10
1643,40
1644,40
1645,40
1646,40
1647,7
1648,40
1649,40
1650,40
1651,40
1652,40
1653,40
1654,83
1655,40
1656,40
1657,40
1658,40
1659,40
1660,50
1661,40
1662,16
1663,40
1664,40
1665,39
1666,45
1667,4
1668,97
1669,40
1670,7
1671,10
1672,40
1673,40
1674,76
1675,40
1676,40
1677,40
1678,40
1679,40
1680,40
1681,40
1682,40
1683,40
1684,40
1685,40
1686,96
1687,40
1688,40
1689,40
1690,39
1691,36
1692,40
1693,40
1694,40
1695,40
1696,40
1697,72
1698,37
1699,40
1700,40
1701,40
1702,40
1703,35
1704,40
1705,60
1706,40
1707,40
1708,40
1709,40
1710,18
1711,40
1712,92
1713,40
1714,40
1715,9
1716,76
1717,40
1718,40
1719,40
1720,40
1721,40
1722,40
1723,9
1724,40
1725,40
1726,40
1727,40
1728,4
1729,32
1730,25
1731,59
1732,55
1733,41
1734,40
1735,92
1736,57
1737,28
1738,31
1739,40
1740,40
1741,40
1742,72
1743,33
1744,91
1745,40
1746,40
1747,40
1748,74
1749,40
1750,40
1751,40
1752,40
1753,36
1754,40
1755,40
1756,40
1757,40
1758,40
1759,16
1760,40
1761,40
1762,72
1763,50
1764,31
1765,40
1766,40
1767,31
1768,40
1769,14
1770,92
1771,94
1772,40
1773,40
1774,40
1775,40
1776,67
1777,40
1778,40
1779,40
1780,40
1781,12
1782,71
1783,27
1784,40
1785,29
1786,25
1787,40
1788,40
1789,89
1790,12
1791,37
1792,29
1793,40
1794,40
1795,40
1796,40
1797,39
1798,40
1799,83
1800,11
1801,12
1802,40
1803,2
1804,40
1805,16
1806,40
1807,92
1808,40
1809,33
1810,7
1811,2
1812,40
1813,40
1814,40
1815,40
1816,40
1817,26
1818,40
1819,80
1820,40
1821,8
1822,40
1823,40
1824,16
1825,2
1826,40
1827,40
1828,40
1829,57
1830,57
1831,40
1832,40
1833,40
1834,86
1835,40
1836,90
1837,36
1838,39
1839,40
1840,40
1841,89
1842,32
1843,40
1844,40
1845,40
1846,40
1847,3
1848,35
1849,40
1850,40
1851,40
1852,40
1853,10
1854,40
1855,4
1856,85
1857,40
1858,40
1859,49
1860,23
1861,9
1862,40
1863,40
1864,2
1865,40
1866,40
1867,63
1868,40
1869,40
1870,88
1871,40
1872,40
1873,40
1874,40
1875,40
1876,9
1877,40
1878,60
1879,40
1880,4
1881,39
1882,77
1883,11
1884,40
1885,8
1886,35
1887,40
1888,40
1889,50
1890,40
1891,71
1892,40
1893,40
1894,40
1895,40
1896,91
1897,40
1898,40
1899,50
1900,29
1901,40
1902,40
1903,77
1904,74
1905,40
1906,12
1907,40
1908,40
1909,11
1910,10
1911,40
1912,44
1913,40
1914,40
1915,40
1916,12
1917,40
1918,13
1919,79
1920,40
1921,35
1922,40
1923,81
1924,76
1925,92
1926,40
1927,35
1928,16
1929,40
1930,13
1931,10
1932,61
1933,40
1934,40
1935,40
1936,40
1937,40
1938,19
1939,40
1940,40
1941,38
1942,40
1943,40
1944,40
1945,40
1946,40
1947,76
1948,88
1949,94
1950,40
1951,40
1952,40
1953,40
1954,35
1955,40
1956,40
1957,40
1958,40
1959,89
1960,40
1961,82
1962,40
1963,40
1964,40
1965,40
1966,40
1967,10
1968,32
1969,79
1970,30
1971,40
1972,40
1973,40
1974,40
1975,40
1976,33
1977,19
1978,40
1979,40
1980,40
1981,40
1982,40
1983,40
1984,40
1985,40
1986,16
1987,40
1988,65
1989,92
1990,41
1991,40
1992,40
1993,40
1994,67
1995,96
1996,40
1997,12
1998,40
1999,40
2000,40
2001,84
2002,69
2003,86
2004,39
2005,7
2006,40
2007,62
2008,40
2009,52
2010,44
2011,2
2012,29
2013,40
2014,7
2015,40
2016,40
2017,40
2018,14
2019,40
2020,40
2021,40
2022,40
2023,40
2024,88
2025,40
2026,33
2027,82
2028,90
2029,43
2030,62
2031,40
2032,40
2033,40
2034,40
2035,40
2036,60
2037,3
2038,62
2039,40
2040,97
2041,40
2042,78
2043,40
2044,81
2045,40
2046,40
2047,40
2048,40
2049,96
2050,40
2051,57
2052,40
2053,90
2054,40
2055,40
2056,62
2057,84
2058,89
2059,40
2060,40
2061,40
2062,31
2063,50
2064,57
2065,11
2066,82
2067,46
2068,40
2069,35
2070,23
2071,11
2072,2
2073,40
2074,40
2075,9
2076,23
2077,29
2078,40
2079,40
2080,40
2081,40
2082,3
2083,40
2084,87
2085,40
2086,40
2087,40
2088,31
2089,40
2090,40
2091,33
2092,40
2093,31
2094,80
2095,40
2096,4
2097,40
2098,16
2099,40
2100,90
2101,10
2102,40
2103,40
2104,40
2105,40
2106,40
2107,40
2108,40
2109,57
2110,40
2111,40
2112,40
2113,44
2114,40
2115,40
2116,40
2117,40
2118,99
2119,40
2120,40
2121,40
2122,90
2123,93
2124,67
2125,40
2126,64
2127,40
2128,40
2129,67
2130,40
2131,40
2132,40
2133,40
2134,94
2135,95
2136,40
2137,40
2138,35
2139,40
2140,40
2141,72
2142,40
2143,40
2144,40
2145,40
2146,40
2147,40
2148,67
2149,40
2150,40
2151,30
2152,40
2153,40
2154,27
2155,40
2156,40
2157,8
2158,40
2159,40
2160,3
2161,18
2162,94
2163,37
2164,40
2165,40
2166,40
2167,40
2168,45
2169,10
2170,40
2171,87
2172,40
2173,40
2174,4
2175,40
2176,27
2177,4
2178,40
2179,40
2180,29
2181,40
2182,94
2183,40
2184,57
2185,40
2186,11
2187,40
2188,70
2189,40
2190,40
2191,40
2192,40
2193,40
2194,10
2195,40
2196,40
2197,40
2198,26
2199,40
2200,40
2201,40
2202,40
2203,40
2204,18
2205,11
2206,40
2207,40
2208,12
2209,40
2210,40
2211,2
2212,40
2213,10
2214,33
2215,12
2216,40
2217,40
2218,50
2219,15
2220,11
2221,40
2222,33
2223,40
2224,10
2225,30
2226,37
2227,40
2228,72
2229,35
2230,92
2231,40
2232,15
2233,40
2234,85
2235,12
2236,9
2237,80
2238,40
2239,85
2240,40
2241,40
2242,18
2243,40
2244,11
2245,40
2246,40
2247,40
2248,32
2249,40
2250,40
2251,96
2252,40
2253,92
2254,92
2255,40
2256,40
2257,36
2258,40
2259,89
2260,92
2261,16
2262,10
2263,60
2264,40
2265,62
2266,41
2267,34
2268,65
2269,40
2270,95
2271,40
2272,93
2273,40
2274,40
2275,40
2276,99
2277,40
2278,40
2279,40
2280,40
2281,64
2282,40
2283,40
2284,93
2285,28
2286,26
2287,40
2288,40
2289,40
2290,40
2291,72
2292,61
2293,40
2294,81
2295,40
2296,6
2297,40
2298,40
2299,40
2300,82
2301,67
2302,40
2303,40
2304,40
2305,62
2306,40
2307,40
2308,60
2309,40
2310,40
2311,40
2312,40
2313,40
2314,14
2315,40
2316,40
2317,40
2318,40
2319,71
2320,40
2321,40
2322,88
2323,83
2324,40
2325,81
2326,40
2327,76
2328,40
2329,94
2330,61
2331,57
2332,45
2333,40
2334,40
2335,10
2336,2
2337,8
2338,40
2339,40
2340,79
2341,38
2342,40
2343,28
2344,40
2345,40
2346,40
2347,40
2348,13
2349,39
2350,40
2351,40
2352,92
2353,55
2354,40
2355,40
2356,40
2357,36
2358,92
2359,40
2360,40
2361,12
2362,78
2363,83
2364,40
2365,40
2366,40
2367,40
2368,10
2369,3
2370,62
2371,12
2372,2
2373,46
2374,40
2375,72
2376,87
2377,40
2378,40
2379,39
2380,12
2381,92
2382,12
2383,16
2384,40
2385,40
2386,36
2387,40
2388,2
2389,84
2390,40
2391,40
2392,33
2393,40
2394,25
2395,69
2396,39
2397,40
2398,78
2399,92
2400,40
2401,85
2402,40
2403,40
2404,40
2405,40
2406,84
2407,40
2408,40
2409,94
2410,40
2411,92
2412,40
2413,4
2414,85
2415,40
2416,40
2417,33
2418,23
2419,70
2420,31
2421,40
2422,40
2423,6
2424,40
2425,40
2426,40
2427,40
2428,40
2429,40
2430,40
2431,40
2432,77
2433,40
2434,40
2435,94
2436,9
2437,62
2438,40
2439,87
2440,78
2441,40
2442,40
2443,40
2444,40
2445,40
2446,40
2447,46
2448,35
2449,40
2450,40
2451,81
2452,40
2453,64
2454,8
2455,40
2456,40
2457,40
2458,59
2459,11
2460,92
2461,7
2462,40
2463,40
2464,4
2465,3
2466,40
2467,40
2468,57
2469,86
2470,40
2471,40
2472,40
2473,78
2474,40
2475,40
2476,40
2477,12
2478,40
2479,40
2480,2
2481,40
2482,40
2483,43
2484,40
2485,13
2486,84
2487,6
2488,89
2489,32
2490,31
2491,40
2492,40
2493,40
2494,40
2495,92
2496,82
2497,45
2498,40
2499,40
2500,40
2501,40
2502,37
2503,69
2504,40
2505,65
2506,40
2507,40
2508,72
2509,97
2510,40
2511,40
2512,40
2513,40
2514,40
2515,33
2516,40
2517,2
2518,71
2519,27
2520,40
2521,95
2522,40
2523,10
2524,36
2525,36
2526,39
2527,40
2528,89
2529,11
2530,40
2531,40
2532,85
2533,40
2534,40
2535,82
2536,10
2537,40
2538,41
2539,40
2540,67
2541,40
2542,40
2543,33
2544,40
2545,35
2546,40
2547,86
2548,57
2549,11
2550,25
2551,35
2552,40
2553,14
2554,40
2555,40
2556,33
2557,40
2558,57
2559,40
2560,96
2561,29
2562,40
2563,40
2564,40
2565,40
2566,40
2567,40
2568,40
2569,96
2570,50
2571,40
2572,72
2573,86
2574,19
2575,40
2576,11
2577,88
2578,40
2579,40
2580,2
2581,92
2582,26
2583,57
2584,40
2585,87
2586,35
2587,36
2588,40
2589,40
2590,40
2591,40
2592,43
2593,40
2594,40
2595,40
2596,40
2597,40
2598,40
2599,8
2600,43
2601,40
2602,13
2603,40
2604,57
2605,40
2606,57
2607,40
2608,40
2609,40
2610,40
2611,40
2612,40
2613,8
2614,40
2615,40
2616,10
2617,40
2618,40
2619,29
2620,57
2621,40
2622,27
2623,40
2624,40
2625,40
2626,40
2627,39
2628,40
2629,28
2630,71
2631,40
2632,40
2633,40
2634,40
2635,40
2636,40
2637,4
2638,36
2639,40
2640,40
2641,4
2642,40
2643,40
2644,40
2645,6
2646,9
2647,44
2648,40
2649,7
2650,40
2651,40
2652,40
2653,88
2654,40
2655,40
2656,40
2657,40
2658,40
2659,40
2660,91
2661,40
2662,44
2663,40
2664,40
2665,40
2666,40
2667,40
2668,40
2669,40
2670,40
2671,40
2672,40
2673,6
2674,51
2675,85
2676,72
2677,64
2678,80
2679,70
2680,40
2681,79
2682,40
2683,45
2684,40
2685,41
2686,40
2687,97
2688,83
2689,40
2690,40
2691,12
2692,40
2693,78
2694,40
2695,69
2696,32
2697,89
2698,40
2699,32
2700,61
2701,40
2702,87
2703,28
2704,40
2705,40
2706,14
2707,40
2708,40
2709,40
2710,35
2711,44
2712,40
2713,40
2714,40
2715,40
2716,40
2717,33
2718,40
2719,40
2720,46
2721,73
2722,44
2723,99
2724,90
2725,40
2726,40
2727,40
2728,40
2729,40
2730,27
2731,40
2732,40
2733,40
2734,40
2735,26
2736,40
2737,40
2738,19
2739,40
2740,40
2741,87
2742,40
2743,4
2744,40
2745,40
2746,40
2747,40
2748,40
2749,40
2750,29
2751,67
2752,88
2753,91
2754,40
2755,40
2756,78
2757,92
2758,66
2759,40
2760,93
2761,40
2762,40
2763,40
2764,76
2765,40
2766,40
2767,40
2768,83
2769,45
2770,40
2771,40
2772,31
2773,18
2774,40
2775,40
2776,44
2777,67
2778,25
2779,35
2780,39
2781,40
2782,41
2783,40
2784,40
2785,40
2786,40
2787,36
2788,72
2789,40
2790,9
2791,40
2792,69
2793,40
2794,40
2795,40
2796,4
2797,10
2798,40
2799,40
2800,40
2801,40
2802,94
2803,25
2804,14
2805,40
2806,40
2807,28
2808,38
2809,3
2810,40
2811,26
2812,78
2813,3
2814,40
2815,40
2816,96
2817,40
2818,40
2819,61
2820,40
2821,40
2822,78
2823,40
2824,37
2825,40
2826,57
2827,40
2828,39
2829,40
2830,37
2831,40
2832,40
2833,2
2834,62
2835,13
2836,40
2837,12
2838,16
2839,40
2840,40
2841,4
2842,76
2843,40
2844,92
2845,40
2846,40
2847,40
2848,40
2849,40
2850,62
2851,40
2852,90
2853,40
2854,36
2855,40
2856,40
2857,40
2858,37
2859,28
2860,40
2861,40
2862,40
2863,40
2864,16
2865,40
2866,40
2867,40
2868,40
2869,40
2870,13
2871,40
2872,35
2873,40
2874,92
2875,85
2876,99
2877,40
2878,40
2879,40
2880,40
2881,40
2882,40
2883,40
2884,40
2885,33
2886,23
2887,40
2888,89
2889,7
2890,40
2891,40
2892,30
2893,70
2894,92
2895,40
2896,40
2897,40
2898,9
2899,40
2900,94
2901,40
2902,40
2903,92
2904,40
2905,79
2906,40
2907,92
2908,97
2909,35
2910,60
2911,40
2912,92
2913,11
2914,18
2915,7
2916,40
2917,2
2918,40
2919,40
2920,40
2921,40
2922,25
2923,13
2924,33
2925,26
2926,40
2927,40
2928,33
2929,40
2930,40
2931,40
2932,10
2933,31
2934,40
2935,40
2936,40
2937,28
2938,40
2939,40
2940,40
2941,40
2942,40
2943,40
2944,40
2945,40
2946,23
2947,45
2948,11
2949,40
2950,40
2951,40
2952,92
2953,32
2954,40
2955,40
2956,40
2957,34
2958,11
2959,40
2960,40
2961,92
2962,40
2963,40
2964,4
2965,40
2966,96
2967,92
2968,40
2969,62
2970,37
2971,2
2972,93
2973,19
2974,32
2975,31
2976,41
2977,73
2978,82
2979,40
2980,86
2981,94
2982,12
2983,73
2984,40
2985,67
2986,40
2987,40
2988,96
2989,40
2990,40
2991,40
2992,40
2993,40
2994,37
2995,40
2996,40
2997,40
2998,18
2999,86
3000,13
3001,84
3002,4
3003,40
3004,40
3005,40
3006,9
3007,40
3008,40
3009,40
3010,76
3011,90
3012,40
3013,40
3014,62
3015,79
3016,40
3017,40
3018,4
3019,94
3020,40
3021,40
3022,26
3023,40
3024,34
3025,95
3026,40
3027,19
3028,91
3029,6
3030,40
3031,84
3032,40
3033,63
3034,39
3035,37
3036,7
3037,40
3038,72
3039,87
3040,28
3041,40
3042,40
3043,36
3044,69
3045,40
3046,36
3047,40
3048,40
3049,41
3050,40
3051,50
3052,41
3053,40
3054,33
3055,40
3056,40
3057,81
3058,72
3059,40
3060,40
3061,11
3062,50
3063,40
3064,40
3065,40
3066,14
3067,83
3068,57
3069,4
3070,40
3071,40
3072,44
3073,40
3074,9
3075,40
3076,96
3077,40
3078,40
3079,31
3080,18
3081,78
3082,2
3083,51
3084,40
3085,80
3086,40
3087,33
3088,13
3089,40
3090,11
3091,40
3092,40
3093,96
3094,29
3095,40
3096,13
3097,40
3098,40
3099,16
3100,96
3101,32
3102,45
3103,40
3104,40
3105,40
3106,60
3107,40
3108,99
3109,40
3110,11
3111,40
3112,40
3113,13
3114,40
3115,40
3116,40
3117,40
3118,6
3119,40
3120,88
3121,40
3122,40
3123,40
3124,40
3125,8
3126,40
3127,40
3128,40
3129,23
3130,71
3131,40
3132,3
3133,40
3134,40
3135,40
3136,40
3137,51
3138,40
3139,25
3140,40
3141,82
3142,40
3143,40
3144,40
3145,25
3146,40
3147,40
3148,40
3149,40
3150,10
3151,33
3152,40
3153,40
3154,4
3155,40
3156,85
3157,40
3158,40
3159,40
3160,75
3161,4
3162,40
3163,40
3164,40
3165,70
3166,40
3167,40
3168,40
3169,40
3170,71
3171,40
3172,4
3173,19
3174,40
3175,40
3176,32
3177,40
3178,8
3179,40
3180,40
3181,40
3182,40
3183,19
3184,82
3185,40
3186,40
3187,40
3188,50
3189,40
3190,60
3191,16
3192,40
3193,40
3194,40
3195,40
3196,10
3197,40
3198,12
3199,61
3200,89
3201,40
3202,18
3203,40
3204,11
3205,84
3206,2
3207,40
3208,27
3209,3
3210,8
3211,43
3212,40
3213,12
3214,40
3215,40
3216,40
3217,88
3218,72
3219,95
3220,40
3221,40
3222,8
3223,64
3224,40
3225,40
3226,40
3227,40
3228,40
3229,40
3230,67
3231,11
3232,40
3233,89
3234,40
3235,41
3236,73
3237,40
3238,40
3239,40
3240,40
3241,40
3242,40
3243,40
3244,4
3245,40
3246,40
3247,40
3248,40
3249,40
3250,92
3251,40
3252,40
3253,7
3254,95
3255,40
3256,67
3257,40
3258,11
3259,40
3260,91
3261,44
3262,10
3263,95
3264,40
3265,39
3266,40
3267,40
3268,78
3269,10
3270,40
3271,57
3272,4
3273,40
3274,40
3275,40
3276,19
3277,60
3278,40
3279,33
3280,40
3281,92
3282,37
3283,16
3284,40
3285,40
3286,16
3287,92
3288,40
3289,40
3290,12
3291,40
3292,78
3293,40
3294,40
3295,33
3296,10
3297,40
3298,40
3299,10
3300,61
3301,40
3302,40
3303,42
3304,40
3305,41
3306,82
3307,40
3308,43
3309,40
3310,88
3311,94
3312,12
3313,72
3314,40
3315,40
3316,51
3317,16
3318,40
3319,60
3320,40
3321,92
3322,40
3323,29
3324,40
3325,43
3326,40
3327,40
3328,40
3329,13
3330,40
3331,40
3332,40
3333,87
3334,16
3335,40
3336,40
3337,40
3338,18
3339,40
3340,57
3341,40
3342,39
3343,40
3344,7
3345,40
3346,40
3347,40
3348,94
3349,96
3350,16
3351,86
3352,40
3353,40
3354,40
3355,25
3356,7
3357,40
3358,40
3359,28
3360,40
3361,40
3362,32
3363,40
3364,40
3365,40
3366,10
3367,70
3368,40
3369,40
3370,40
3371,40
3372,40
3373,40
3374,40
3375,97
3376,99
3377,40
3378,40
3379,32
3380,92
3381,40
3382,97
3383,40
3384,40
3385,40
3386,19
3387,16
3388,25
3389,19
3390,51
3391,40
3392,40
3393,40
3394,40
3395,72
3396,40
3397,40
3398,96
3399,40
3400,40
3401,40
3402,40
3403,40
3404,8
3405,40
3406,40
3407,40
3408,70
3409,40
3410,40
3411,40
3412,40
3413,74
3414,40
3415,63
3416,10
3417,40
3418,40
3419,10
3420,40
3421,40
3422,40
3423,40
3424,86
3425,18
3426,11
3427,40
3428,40
3429,27
3430,40
3431,40
3432,12
3433,40
3434,61
3435,19
3436,10
3437,40
3438,39
3439,92
3440,89
3441,40
3442,40
3443,40
3444,40
3445,40
3446,40
3447,40
3448,40
3449,90
3450,70
3451,40
3452,40
3453,6
3454,40
3455,13
3456,40
3457,8
3458,40
3459,40
3460,40
3461,40
3462,40
3463,40
3464,90
3465,63
3466,88
3467,9
3468,72
3469,40
3470,40
3471,40
3472,40
3473,44
3474,14
3475,40
3476,40
3477,40
3478,40
3479,76
3480,40
3481,19
3482,40
3483,25
3484,72
3485,40
3486,39
3487,40
3488,57
3489,2
3490,40
3491,40
3492,99
3493,6
3494,40
3495,40
3496,19
3497,40
3498,30
3499,40
3500,40
3501,16
3502,92
3503,40
3504,92
3505,40
3506,40
3507,94
3508,40
3509,57
3510,25
3511,40
3512,40
3513,40
3514,19
3515,92
3516,2
3517,40
3518,40
3519,3
3520,40
3521,40
3522,40
3523,40
3524,40
3525,40
3526,40
3527,40
3528,59
3529,40
3530,91
3531,40
3532,10
3533,40
3534,40
3535,11
3536,40
3537,40
3538,70
3539,19
3540,40
3541,40
3542,40
3543,41
3544,40
3545,84
3546,69
3547,32
3548,40
3549,40
3550,66
3551,16
3552,40
3553,40
3554,40
3555,40
3556,40
3557,40
3558,32
3559,40
3560,28
3561,40
3562,40
3563,60
3564,37
3565,29
3566,93
3567,32
3568,79
3569,40
3570,40
3571,40
3572,40
3573,84
3574,73
3575,40
3576,40
3577,40
3578,60
3579,40
3580,40
3581,40
3582,40
3583,40
3584,88
3585,72
3586,65
3587,40
3588,30
3589,31
3590,33
3591,40
3592,40
3593,29
3594,33
3595,40
3596,40
3597,63
3598,10
3599,40
3600,62
3601,40
3602,91
3603,40
3604,40
3605,40
3606,40
3607,61
3608,30
3609,91
3610,40
3611,40
3612,40
3613,40
3614,43
3615,9
3616,40
3617,12
3618,91
3619,35
3620,31
3621,40
3622,40
3623,92
3624,40
3625,79
3626,40
3627,40
3628,40
3629,40
3630,40
3631,40
3632,40
3633,90
3634,43
3635,27
3636,40
3637,40
3638,67
3639,40
3640,40
3641,40
3642,40
3643,11
3644,9
3645,57
3646,29
3647,16
3648,40
3649,40
3650,32
3651,95
3652,19
3653,40
3654,83
3655,40
3656,40
3657,10
3658,40
3659,40
3660,40
3661,40
3662,40
3663,40
3664,40
3665,40
3666,2
3667,40
3668,40
3669,30
3670,40
3671,40
3672,2
3673,11
3674,43
3675,40
3676,81
3677,32
3678,40
3679,12
3680,32
3681,40
3682,6
3683,40
3684,40
3685,61
3686,67
3687,67
3688,40
3689,40
3690,28
3691,40
3692,40
3693,40
3694,40
3695,12
3696,73
3697,40
3698,40
3699,40
3700,40
3701,40
3702,40
3703,40
3704,40
3705,50
3706,40
3707,40
3708,30
3709,40
3710,40
3711,40
3712,40
3713,40
3714,37
3715,33
3716,40
3717,23
3718,16
3719,14
3720,8
3721,87
3722,40
3723,40
3724,46
3725,37
3726,40
3727,40
3728,40
3729,88
3730,40
3731,40
3732,40
3733,10
3734,96
3735,16
3736,40
3737,55
3738,40
3739,85
3740,40
3741,40
3742,40
3743,40
3744,40
3745,92
3746,40
3747,12
3748,39
3749,64
3750,40
3751,92
3752,36
3753,40
3754,12
3755,40
3756,11
3757,43
3758,10
3759,40
3760,43
3761,40
3762,40
3763,40
3764,40
3765,40
3766,40
3767,40
3768,35
3769,40
3770,41
3771,11
3772,40
3773,86
3774,40
3775,40
3776,4
3777,11
3778,33
3779,31
3780,2
3781,40
3782,40
3783,40
3784,70
3785,40
3786,28
3787,3
3788,4
3789,40
3790,40
3791,40
3792,40
3793,59
3794,40
3795,40
3796,40
3797,40
3798,40
3799,45
3800,40
3801,40
3802,95
3803,40
3804,40
3805,40
3806,10
3807,40
3808,40
3809,89
3810,40
3811,10
3812,12
3813,40
3814,40
3815,40
3816,9
3817,40
3818,12
3819,40
3820,33
3821,40
3822,40
3823,36
3824,40
3825,40
3826,40
3827,40
3828,40
3829,40
3830,94
3831,40
3832,50
3833,39
3834,40
3835,23
3836,23
3837,33
3838,40
3839,9
3840,40
3841,40
3842,40
3843,40
3844,40
3845,85
3846,40
3847,40
3848,96
3849,40
3850,92
3851,40
3852,40
3853,40
3854,90
3855,40
3856,92
3857,40
3858,40
3859,40
3860,4
3861,8
3862,40
3863,85
3864,13
3865,40
3866,94
3867,85
3868,40
3869,40
3870,40
3871,80
3872,6
3873,80
3874,40
3875,40
3876,40
3877,40
3878,40
3879,8
3880,72
3881,33
3882,40
3883,40
3884,72
3885,40
3886,33
3887,40
3888,40
3889,40
3890,40
3891,40
3892,43
3893,26
3894,51
3895,40
3896,7
3897,29
3898,76
3899,40
3900,40
3901,16
3902,40
3903,33
3904,64
3905,10
3906,45
3907,11
3908,12
3909,34
3910,40
3911,41
3912,33
3913,40
3914,82
3915,40
3916,40
3917,72
3918,12
3919,57
3920,99
3921,40
3922,40
3923,16
3924,40
3925,7
3926,62
3927,40
3928,40
3929,40
3930,40
3931,40
3932,40
3933,40
3934,40
3935,40
3936,40
3937,40
3938,92
3939,40
3940,40
3941,40
3942,33
3943,40
3944,40
3945,10
3946,15
3947,40
3948,85
3949,40
3950,31
3951,40
3952,66
3953,44
3954,40
3955,40
3956,86
3957,72
3958,82
3959,8
3960,28
3961,40
3962,10
3963,40
3964,40
3965,40
3966,40
3967,18
3968,40
3969,40
3970,40
3971,40
3972,32
3973,40
3974,40
3975,40
3976,13
3977,40
3978,40
3979,26
3980,40
3981,15
3982,35
3983,51
3984,80
3985,70
3986,88
3987,40
3988,10
3989,40
3990,40
3991,40
3992,40
3993,40
3994,87
3995,40
3996,40
3997,37
3998,46
3999,40
4000,40
4001,40
4002,40
4003,40
4004,40
4005,40
4006,40
4007,40
4008,40
4009,10
4010,18
4011,13
4012,92
4013,34
4014,40
4015,40
4016,34
4017,40
4018,40
4019,51
4020,40
4021,40
4022,40
4023,40
4024,40
4025,90
4026,85
4027,46
4028,40
4029,50
4030,2
4031,40
4032,80
4033,40
4034,40
4035,40
4036,40
4037,40
4038,73
4039,40
4040,77
4041,50
4042,89
4043,40
4044,40
4045,40
4046,40
4047,33
4048,40
4049,40
4050,10
4051,37
4052,33
4053,97
4054,40
4055,40
4056,40
4057,40
4058,2
4059,40
4060,40
4061,40
4062,40
4063,40
4064,18
4065,40
4066,35
4067,90
4068,12
4069,40
4070,40
4071,40
4072,29
4073,92
4074,40
4075,85
4076,40
4077,10
4078,92
4079,40
4080,97
4081,3
4082,40
4083,40
4084,40
4085,40
4086,40
4087,40
4088,40
4089,40
4090,34
4091,12
4092,33
4093,40
4094,40
4095,40
4096,40
4097,33
4098,40
4099,40
4100,40
4101,40
4102,40
4103,74
4104,40
4105,40
4106,79
4107,40
4108,33
4109,40
4110,33
4111,60
4112,40
4113,40
4114,40
4115,40
4116,40
4117,12
4118,31
4119,80
4120,72
4121,40
4122,35
4123,40
4124,27
4125,40
4126,40
4127,82
4128,16
4129,89
4130,95
4131,40
4132,33
4133,40
4134,40
4135,97
4136,84
4137,40
4138,40
4139,40
4140,40
4141,40
4142,40
4143,40
4144,40
4145,37
4146,80
4147,9
4148,40
4149,8
4150,40
4151,69
4152,40
4153,40
4154,40
4155,40
4156,40
4157,19
4158,44
4159,40
4160,7
4161,70
4162,40
4163,40
4164,10
4165,51
4166,38
4167,40
4168,43
4169,40
4170,10
4171,40
4172,57
4173,40
4174,67
4175,67
4176,40
4177,40
4178,28
4179,31
4180,40
4181,95
4182,40
4183,40
4184,40
4185,51
4186,40
4187,40
4188,72
4189,40
4190,4
4191,94
4192,40
4193,40
4194,80
4195,80
4196,40
4197,87
4198,62
4199,10
4200,40
4201,14
4202,70
4203,70
4204,35
4205,27
4206,40
4207,40
4208,2
4209,40
4210,37
4211,67
4212,40
4213,92
4214,40
4215,92
4216,79
4217,40
4218,30
4219,40
4220,40
4221,40
4222,8
4223,40
4224,36
4225,82
4226,40
4227,40
4228,33
4229,40
4230,32
4231,70
4232,71
4233,40
4234,89
4235,11
4236,40
4237,55
4238,40
4239,40
4240,67
4241,94
4242,40
4243,88
4244,40
4245,40
4246,40
4247,40
4248,67
4249,40
4250,16
4251,40
4252,40
4253,33
4254,40
4255,40
4256,40
4257,50
4258,40
4259,61
4260,40
4261,40
4262,40
4263,40
4264,59
4265,40
4266,92
4267,40
4268,40
4269,40
4270,40
4271,40
4272,84
4273,82
4274,84
4275,92
4276,62
4277,40
4278,7
4279,40
4280,32
4281,26
4282,33
4283,40
4284,40
4285,76
4286,40
4287,40
4288,92
4289,40
4290,29
4291,50
4292,63
4293,16
4294,40
4295,40
4296,40
4297,40
4298,8
4299,13
4300,10
4301,65
4302,40
4303,59
4304,40
4305,40
4306,14
4307,40
4308,10
4309,12
4310,76
4311,40
4312,40
4313,40
4314,69
4315,33
4316,40
4317,40
4318,8
4319,40
4320,40
4321,40
4322,64
4323,92
4324,2
4325,40
4326,29
4327,36
4328,40
4329,40
4330,40
4331,40
4332,73
4333,40
4334,40
4335,40
4336,40
4337,13
4338,14
4339,44
4340,40
4341,40
4342,41
4343,16
4344,40
4345,29
4346,10
4347,40
4348,79
4349,40
4350,40
4351,81
4352,10
4353,40
4354,40
4355,40
4356,95
4357,40
4358,40
4359,59
4360,40
4361,8
4362,59
4363,40
4364,40
4365,40
4366,45
4367,87
4368,40
4369,40
4370,82
4371,40
4372,40
4373,40
4374,44
4375,40
4376,40
4377,35
4378,40
4379,87
4380,40
4381,27
4382,40
4383,92
4384,40
4385,40
4386,85
4387,8
4388,39
4389,69
4390,40
4391,40
4392,92
4393,40
4394,28
4395,40
4396,40
4397,40
4398,40
4399,45
4400,92
4401,40
4402,40
4403,97
4404,40
4405,40
4406,95
4407,40
4408,40
4409,91
4410,11
4411,40
4412,40
4413,40
4414,40
4415,40
4416,40
4417,40
4418,40
4419,40
4420,40
4421,40
4422,40
4423,40
4424,40
4425,81
4426,40
4427,40
4428,40
4429,40
4430,40
4431,46
4432,3
4433,40
4434,81
4435,40
4436,40
4437,77
4438,40
4439,32
4440,44
4441,40
4442,31
4443,92
4444,46
4445,40
4446,4
4447,40
4448,40
4449,40
4450,76
4451,3
4452,40
4453,40
4454,40
4455,40
4456,89
4457,72
4458,40
4459,62
4460,40
4461,63
4462,40
4463,40
4464,40
4465,51
4466,40
4467,40
4468,40
4469,11
4470,82
4471,69
4472,40
4473,40
4474,31
4475,93
4476,40
4477,26
4478,23
4479,19
4480,40
4481,40
4482,57
4483,19
4484,40
4485,40
4486,40
4487,40
4488,40
4489,73
4490,26
4491,40
4492,62
4493,40
4494,40
4495,43
4496,40
4497,14
4498,40
4499,62
4500,40
4501,19
4502,40
4503,40
4504,40
4505,40
4506,32
4507,40
4508,83
4509,40
4510,40
4511,74
4512,40
4513,43
4514,86
4515,40
4516,80
4517,40
4518,40
4519,62
4520,29
4521,41
4522,2
4523,40
4524,12
4525,9
4526,61
4527,31
4528,40
4529,76
4530,10
4531,36
4532,40
4533,40
4534,40
4535,12
4536,40
4537,40
4538,10
4539,6
4540,40
4541,40
4542,40
4543,40
4544,70
4545,46
4546,2
4547,40
4548,40
4549,40
4550,61
4551,40
4552,70
4553,94
4554,40
4555,40
4556,40
4557,40
4558,78
4559,40
4560,50
4561,96
4562,40
4563,40
4564,92
4565,40
4566,40
4567,40
4568,40
4569,40
4570,40
4571,40
4572,40
4573,43
4574,40
4575,40
4576,59
4577,40
4578,40
4579,88
4580,96
4581,40
4582,40
4583,40
4584,76
4585,40
4586,40
4587,40
4588,40
4589,40
4590,76
4591,40
4592,40
4593,40
4594,40
4595,40
4596,40
4597,40
4598,11
4599,3
4600,40
4601,43
4602,62
4603,40
4604,40
4605,94
4606,40
4607,94
4608,10
4609,92
4610,4
4611,40
4612,40
4613,81
4614,40
4615,79
4616,40
4617,40
4618,40
4619,9
4620,40
4621,40
4622,40
4623,40
4624,40
4625,16
4626,67
4627,84
4628,40
4629,40
4630,40
4631,40
4632,40
4633,40
4634,82
4635,40
4636,40
4637,40
4638,92
4639,61
4640,13
4641,73
4642,40
4643,40
4644,40
4645,40
4646,92
4647,40
4648,12
4649,40
4650,40
4651,10
4652,84
4653,40
4654,3
4655,3
4656,92
4657,85
4658,15
4659,40
4660,32
4661,40
4662,40
4663,40
4664,27
4665,40
4666,40
4667,76
4668,40
4669,60
4670,40
4671,40
4672,40
4673,40
4674,89
4675,40
4676,40
4677,40
4678,40
4679,40
4680,9
4681,41
4682,70
4683,40
4684,10
4685,76
4686,69
4687,72
4688,40
4689,95
4690,69
4691,40
4692,40
4693,40
4694,82
4695,3
4696,40
4697,2
4698,39
4699,40
4700,40
4701,40
4702,6
4703,10
4704,40
4705,40
4706,40
4707,92
4708,40
4709,40
4710,67
4711,40
4712,80
4713,40
4714,40
4715,62
4716,40
4717,32
4718,33
4719,40
4720,40
4721,40
4722,40
4723,40
4724,28
4725,28
4726,94
4727,40
4728,40
4729,10
4730,29
4731,40
4732,40
4733,40
4734,40
4735,94
4736,59
4737,40
4738,13
4739,80
4740,72
4741,40
4742,40
4743,8
4744,87
4745,11
4746,4
4747,40
4748,40
4749,40
4750,10
4751,40
4752,97
4753,40
4754,40
4755,11
4756,14
4757,40
4758,32
4759,40
4760,63
4761,40
4762,60
4763,10
4764,61
4765,40
4766,2
4767,40
4768,40
4769,40
4770,40
4771,40
4772,40
4773,40
4774,67
4775,35
4776,40
4777,40
4778,40
4779,40
4780,39
4781,40
4782,40
4783,40
4784,40
4785,76
4786,40
4787,84
4788,6
4789,40
4790,40
4791,40
4792,3
4793,40
4794,50
4795,99
4796,40
4797,64
4798,40
4799,96
4800,40
4801,40
4802,92
4803,40
4804,40
4805,40
4806,40
4807,40
4808,18
4809,40
4810,40
4811,72
4812,40
4813,97
4814,80
4815,40
4816,4
4817,40
4818,37
4819,40
4820,99
4821,89
4822,3
4823,40
4824,14
4825,92
4826,40
4827,40
4828,40
4829,35
4830,40
4831,40
4832,35
4833,10
4834,40
4835,40
4836,40
4837,6
4838,40
4839,40
4840,40
4841,40
4842,40
4843,40
4844,8
4845,40
4846,57
4847,40
4848,18
4849,7
4850,3
4851,40
4852,63
4853,6
4854,40
4855,23
4856,67
4857,40
4858,29
4859,40
4860,25
4861,40
4862,94
4863,40
4864,31
4865,40
4866,32
4867,40
4868,40
4869,40
4870,40
4871,40
4872,40
4873,26
4874,40
4875,51
4876,46
4877,40
4878,40
4879,74
4880,40
4881,40
4882,40
4883,69
4884,40
4885,40
4886,37
4887,65
4888,40
4889,40
4890,67
4891,35
4892,2
4893,40
4894,40
4895,46
4896,40
4897,40
4898,40
4899,40
4900,40
4901,30
4902,40
4903,12
4904,43
4905,40
4906,40
4907,92
4908,40
4909,12
4910,82
4911,86
4912,40
4913,94
4914,80
4915,40
4916,10
4917,84
4918,40
4919,91
4920,40
4921,10
4922,32
4923,40
4924,29
4925,33
4926,40
4927,67
4928,84
4929,40
4930,61
4931,40
4932,40
4933,40
4934,29
4935,40
4936,40
4937,84
4938,40
4939,40
4940,3
4941,40
4942,40
4943,60
4944,44
4945,11
4946,40
4947,40
4948,3
4949,57
4950,40
4951,40
4952,13
4953,40
4954,67
4955,40
4956,40
4957,23
4958,40
4959,40
4960,40
4961,85
4962,71
4963,40
4964,27
4965,64
4966,40
4967,40
4968,40
4969,40
4970,40
4971,40
4972,40
4973,40
4974,40
4975,65
4976,61
4977,84
4978,35
4979,31
4980,40
4981,91
4982,77
4983,10
4984,40
4985,40
4986,67
4987,32
4988,71
4989,45
4990,78
4991,71
4992,96
4993,40
4994,40
4995,40
4996,37
4997,57
4998,40
4999,37
5000,40
5001,85
5002,70
5003,92
5004,18
5005,31
5006,40
5007,19
5008,40
5009,40
5010,92
5011,40
5012,40
5013,40
5014,82
5015,40
5016,40
5017,77
5018,40
5019,30
5020,40
5021,40
5022,40
5023,19
5024,40
5025,40
5026,40
5027,80
5028,67
5029,40
5030,40
5031,40
5032,37
5033,29
5034,40
5035,40
5036,57
5037,40
5038,40
5039,60
5040,3
5041,97
5042,60
5043,92
5044,11
5045,9
5046,40
5047,40
5048,40
5049,4
5050,40
5051,40
5052,91
5053,40
5054,57
5055,46
5056,40
5057,40
5058,40
5059,40
5060,67
5061,95
5062,35
5063,40
5064,43
5065,40
5066,3
5067,40
5068,30
5069,40
5070,40
5071,40
5072,38
5073,40
5074,40
5075,40
5076,40
5077,40
5078,92
5079,90
5080,40
5081,40
5082,85
5083,11
5084,35
5085,82
5086,70
5087,40
5088,40
5089,2
5090,40
5091,40
5092,27
5093,40
5094,40
5095,96
5096,40
5097,91
5098,40
5099,40
5100,57
5101,12
5102,69
5103,90
5104,40
5105,40
5106,8
5107,8
5108,40
5109,72
5110,40
5111,40
5112,2
5113,40
5114,40
5115,40
5116,40
5117,12
5118,40
5119,40
5120,10
5121,40
5122,11
5123,40
5124,40
5125,16
5126,72
5127,41
5128,40
5129,40
5130,40
5131,40
5132,94
5133,40
5134,39
5135,43
5136,16
5137,40
5138,40
5139,40
5140,72
5141,40
5142,57
5143,40
5144,40
5145,3
5146,40
5147,40
5148,13
5149,40
5150,40
5151,70
5152,18
5153,78
5154,40
5155,40
5156,12
5157,40
5158,40
5159,19
5160,29
5161,40
5162,9
5163,40
5164,61
5165,40
5166,40
5167,50
5168,27
5169,92
5170,40
5171,40
5172,30
5173,85
5174,40
5175,40
5176,40
5177,3
5178,55
5179,40
5180,97
5181,85
5182,11
5183,40
5184,40
5185,40
5186,92
5187,40
5188,40
5189,11
5190,40
5191,46
5192,90
5193,40
5194,40
5195,18
5196,40
5197,40
5198,40
5199,59
5200,11
5201,35
5202,40
5203,61
5204,40
5205,95
5206,40
5207,40
5208,40
5209,40
5210,40
5211,40
5212,40
5213,3
5214,81
5215,40
5216,94
5217,40
5218,40
5219,40
5220,40
5221,33
5222,40
5223,13
5224,2
5225,40
5226,40
5227,12
5228,6
5229,90
5230,40
5231,69
5232,40
5233,10
5234,18
5235,40
5236,35
5237,40
5238,10
5239,12
5240,96
5241,40
5242,40
5243,40
5244,57
5245,93
5246,40
5247,28
5248,83
5249,40
5250,40
5251,40
5252,40
5253,40
5254,37
5255,40
5256,40
5257,32
5258,40
5259,11
5260,84
5261,63
5262,14
5263,40
5264,40
5265,40
5266,40
5267,10
5268,30
5269,40
5270,40
5271,40
5272,40
5273,40
5274,36
5275,51
5276,40
5277,40
5278,40
5279,40
5280,40
5281,2
5282,40
5283,3
5284,40
5285,85
5286,59
5287,13
5288,45
5289,61
5290,40
5291,40
5292,40
5293,40
5294,40
5295,40
5296,40
5297,78
5298,33
5299,82
5300,30
5301,40
5302,40
5303,40
5304,29
5305,40
5306,40
5307,10
5308,40
5309,40
5310,97
5311,40
5312,40
5313,74
5314,29
5315,37
5316,40
5317,10
5318,40
5319,96
5320,40
5321,40
5322,40
5323,67
5324,70
5325,40
5326,97
5327,40
5328,40
5329,77
5330,40
5331,33
5332,40
5333,67
5334,40
5335,40
5336,40
5337,40
5338,40
5339,40
5340,81
5341,50
5342,72
5343,97
5344,40
5345,40
5346,55
5347,40
5348,25
5349,9
5350,40
5351,40
5352,40
5353,40
5354,40
5355,3
5356,10
5357,40
5358,40
5359,40
5360,71
5361,92
5362,40
5363,40
5364,91
5365,13
5366,91
5367,40
5368,40
5369,40
5370,69
5371,57
5372,40
5373,40
5374,26
5375,40
5376,11
5377,96
5378,84
5379,40
5380,40
5381,40
5382,74
5383,40
5384,40
5385,40
5386,40
5387,16
5388,67
5389,40
5390,40
5391,40
5392,40
5393,40
5394,92
5395,88
5396,40
5397,96
5398,40
5399,40
5400,44
5401,40
5402,40
5403,40
5404,96
5405,86
5406,84
5407,92
5408,82
5409,40
5410,40
5411,40
5412,10
5413,40
5414,40
5415,40
5416,40
5417,40
5418,37
5419,40
5420,40
5421,40
5422,67
5423,27
5424,40
5425,40
5426,40
5427,40
5428,38
5429,40
5430,40
5431,6
5432,40
5433,40
5434,40
5435,40
5436,40
5437,35
5438,70
5439,40
5440,19
5441,40
5442,40
5443,79
5444,6
5445,39
5446,40
5447,41
5448,93
5449,40
5450,57
5451,26
5452,40
5453,64
5454,40
5455,40
5456,62
5457,8
5458,35
5459,71
5460,94
5461,40
5462,38
5463,15
5464,40
5465,32
5466,51
5467,40
5468,60
5469,82
5470,26
5471,40
5472,40
5473,30
5474,40
5475,93
5476,83
5477,84
5478,10
5479,13
5480,40
5481,31
5482,76
5483,12
5484,40
5485,40
5486,40
5487,94
5488,40
5489,40
5490,40
5491,40
5492,40
5493,40
5494,40
5495,40
5496,40
5497,96
5498,40
5499,40
5500,40
5501,9
5502,40
5503,40
5504,26
5505,4
5506,40
5507,40
5508,40
5509,40
5510,92
5511,40
5512,40
5513,40
5514,62
5515,40
5516,40
5517,40
5518,6
5519,84
5520,40
5521,40
5522,40
5523,40
5524,40
5525,40
5526,40
5527,40
5528,67
5529,39
5530,40
5531,40
5532,41
5533,79
5534,33
5535,67
5536,40
5537,40
5538,9
5539,40
5540,4
5541,19
5542,40
5543,40
5544,43
5545,40
5546,40
5547,60
5548,3
5549,40
5550,36
5551,40
5552,40
5553,40
5554,40
5555,40
5556,78
5557,40
5558,40
5559,13
5560,77
5561,40
5562,66
5563,40
5564,64
5565,82
5566,40
5567,29
5568,92
5569,40
5570,40
5571,90
5572,59
5573,40
5574,74
5575,18
5576,84
5577,40
5578,40
5579,40
5580,40
5581,87
5582,40
5583,85
5584,40
5585,40
5586,40
5587,40
5588,40
5589,40
5590,40
5591,6
5592,10
5593,59
5594,40
5595,40
5596,8
5597,40
5598,40
5599,40
5600,40
5601,40
5602,86
5603,40
5604,79
5605,32
5606,40
5607,70
5608,40
5609,6
5610,64
5611,45
5612,92
5613,40
5614,16
5615,40
5616,76
5617,40
5618,40
5619,82
5620,40
5621,40
5622,4
5623,46
5624,40
5625,10
5626,40
5627,40
5628,13
5629,40
5630,40
5631,92
5632,93
5633,40
5634,12
5635,98
5636,40
5637,40
5638,40
5639,26
5640,6
5641,40
5642,3
5643,4
5644,11
5645,2
5646,40
5647,40
5648,40
5649,40
5650,40
5651,40
5652,50
5653,83
5654,40
5655,40
5656,40
5657,40
5658,19
5659,14
5660,71
5661,10
5662,40
5663,51
5664,40
5665,40
5666,70
5667,40
5668,40
5669,40
5670,12
5671,7
5672,40
5673,41
5674,40
5675,55
5676,40
5677,95
5678,40
5679,9
5680,40
5681,40
5682,40
5683,40
5684,7
5685,9
5686,39
5687,10
5688,71
5689,40
5690,72
5691,45
5692,99
5693,40
5694,40
5695,40
5696,40
5697,40
5698,40
5699,4
5700,40
5701,40
5702,33
5703,26
5704,8
5705,40
5706,84
5707,57
5708,40
5709,2
5710,12
5711,67
5712,86
5713,10
5714,89
5715,40
5716,69
5717,44
5718,40
5719,40
5720,31
5721,40
5722,40
5723,40
5724,3
5725,72
5726,40
5727,2
5728,4
5729,69
5730,92
5731,10
5732,18
5733,71
5734,40
5735,40
5736,40
5737,33
5738,40
5739,63
5740,70
5741,67
5742,40
5743,40
5744,19
5745,40
5746,40
5747,40
5748,40
5749,40
5750,51
5751,93
5752,40
5753,23
5754,85
5755,40
5756,40
5757,40
5758,80
5759,40
5760,16
5761,40
5762,40
5763,40
5764,40
5765,40
5766,89
5767,40
5768,23
5769,67
5770,45
5771,15
5772,40
5773,31
5774,35
5775,40
5776,40
5777,19
5778,40
5779,39
5780,40
5781,89
5782,40
5783,40
5784,40
5785,37
5786,40
5787,40
5788,40
5789,40
5790,70
5791,40
5792,40
5793,10
5794,40
5795,27
5796,4
5797,40
5798,93
5799,40
5800,40
5801,36
5802,40
5803,62
5804,40
5805,89
5806,38
5807,2
5808,40
5809,40
5810,82
5811,4
5812,40
5813,25
5814,61
5815,96
5816,60
5817,40
5818,6
5819,40
5820,40
5821,40
5822,40
5823,15
5824,35
5825,91
5826,40
5827,40
5828,40
5829,40
5830,29
5831,40
5832,40
5833,40
5834,32
5835,40
5836,92
5837,40
5838,69
5839,87
5840,40
5841,40
5842,11
5843,43
5844,40
5845,96
5846,94
5847,36
5848,36
5849,7
5850,11
5851,40
5852,40
5853,40
5854,40
5855,67
5856,79
5857,79
5858,70
5859,25
5860,99
5861,18
5862,40
5863,40
5864,40
5865,88
5866,67
5867,95
5868,40
5869,11
5870,40
5871,35
5872,40
5873,40
5874,40
5875,40
5876,69
5877,40
5878,96
5879,87
5880,9
5881,33
5882,40
5883,40
5884,2
5885,40
5886,40
5887,40
5888,40
5889,11
5890,40
5891,40
5892,40
5893,40
5894,7
5895,40
5896,38
5897,37
5898,40
5899,3
5900,2
5901,40
5902,40
5903,40
5904,37
5905,23
5906,40
5907,15
5908,3
5909,40
5910,33
5911,16
5912,40
5913,77
5914,40
5915,40
5916,14
5917,40
5918,96
5919,40
5920,40
5921,67
5922,40
5923,61
5924,40
5925,60
5926,40
5927,40
5928,36
5929,40
5930,40
5931,92
5932,40
5933,92
5934,43
5935,29
5936,40
5937,4
5938,93
5939,40
5940,70
5941,40
5942,40
5943,40
5944,16
5945,40
5946,35
5947,40
5948,40
5949,40
5950,40
5951,40
5952,40
5953,40
5954,69
5955,57
5956,40
5957,40
5958,40
5959,40
5960,40
5961,40
5962,40
5963,31
5964,40
5965,57
5966,29
5967,51
5968,96
5969,93
5970,35
5971,92
5972,40
5973,2
5974,40
5975,35
5976,8
5977,41
5978,40
5979,35
5980,71
5981,40
5982,30
5983,40
5984,40
5985,69
5986,82
5987,95
5988,67
5989,40
5990,40
5991,46
5992,40
5993,40
5994,40
5995,40
5996,8
5997,33
5998,40
5999,61
6000,40
6001,40
6002,40
6003,92
6004,80
6005,40
6006,40
6007,40
6008,40
6009,40
6010,40
6011,40
6012,40
6013,40
6014,12
6015,67
6016,40
6017,40
6018,40
6019,40
6020,59
6021,40
6022,88
6023,40
6024,40
6025,40
6026,40
6027,40
6028,40
6029,40
6030,40
6031,28
6032,96
6033,40
6034,40
6035,40
6036,40
6037,40
6038,40
6039,55
6040,40
6041,19
6042,6
6043,40
6044,40
6045,40
6046,67
6047,40
6048,79
6049,40
6050,84
6051,40
6052,40
6053,67
6054,40
6055,72
6056,33
6057,94
6058,34
6059,9
6060,40
6061,40
6062,99
6063,90
6064,40
6065,23
6066,40
6067,40
6068,60
6069,40
6070,7
6071,39
6072,16
6073,89
6074,43
6075,40
6076,91
6077,8
6078,77
6079,40
6080,7
6081,74
6082,40
6083,40
6084,40
6085,40
6086,40
6087,40
6088,40
6089,40
6090,40
6091,40
6092,40
6093,39
6094,40
6095,16
6096,10
6097,40
6098,40
6099,40
6100,40
6101,16
6102,40
6103,8
6104,40
6105,40
6106,40
6107,40
6108,40
6109,38
6110,10
6111,10
6112,40
6113,40
6114,40
6115,40
6116,12
6117,40
6118,40
6119,40
6120,84
6121,40
6122,40
6123,29
6124,51
6125,40
6126,35
6127,40
6128,40
6129,63
6130,89
6131,40
6132,7
6133,40
6134,40
6135,40
6136,43
6137,92
6138,40
6139,40
6140,40
6141,87
6142,40
6143,32
6144,61
6145,55
6146,40
6147,10
6148,16
6149,92
6150,28
6151,10
6152,40
6153,89
6154,44
6155,88
6156,40
6157,9
6158,72
6159,7
6160,32
6161,40
6162,35
6163,40
6164,40
6165,40
6166,79
6167,36
6168,40
6169,40
6170,40
6171,35
6172,39
6173,40
6174,40
6175,40
6176,10
6177,18
6178,18
6179,41
6180,40
6181,40
6182,40
6183,15
6184,88
6185,40
6186,40
6187,40
6188,40
6189,40
6190,37
6191,40
6192,35
6193,40
6194,40
6195,40
6196,40
6197,2
6198,40
6199,76
6200,29
6201,40
6202,7
6203,18
6204,40
6205,82
6206,64
6207,40
6208,59
6209,40
6210,40
6211,70
6212,40
6213,40
6214,40
6215,91
6216,12
6217,40
6218,40
6219,67
6220,40
6221,82
6222,40
6223,40
6224,80
6225,40
6226,40
6227,40
6228,40
6229,7
6230,40
6231,40
6232,40
6233,40
6234,14
6235,40
6236,40
6237,40
6238,40
6239,40
6240,40
6241,31
6242,40
6243,40
6244,40
6245,40
6246,78
6247,88
6248,40
6249,38
6250,40
6251,90
6252,40
6253,41
6254,27
6255,96
6256,12
6257,40
6258,40
6259,40
6260,40
6261,40
6262,8
6263,3
6264,12
6265,11
6266,40
6267,40
6268,41
6269,51
6270,40
6271,40
6272,40
6273,87
6274,19
6275,72
6276,45
6277,40
6278,33
6279,38
6280,94
6281,72
6282,40
6283,40
6284,40
6285,3
6286,40
6287,40
6288,40
6289,40
6290,40
6291,61
6292,94
6293,40
6294,40
6295,41
6296,40
6297,39
6298,30
6299,40
6300,8
6301,12
6302,40
6303,40
6304,40
6305,3
6306,40
6307,40
6308,40
6309,57
6310,40
6311,25
6312,6
6313,40
6314,40
6315,40
6316,40
6317,40
6318,40
6319,84
6320,40
6321,40
6322,40
6323,40
6324,40
6325,40
6326,40
6327,40
6328,10
6329,40
6330,40
6331,40
6332,40
6333,10
6334,90
6335,12
6336,40
6337,35
6338,40
6339,40
6340,40
6341,9
6342,40
6343,46
6344,31
6345,40
6346,40
6347,40
6348,40
6349,40
6350,40
6351,40
6352,40
6353,40
6354,40
6355,40
6356,40
6357,40
6358,12
6359,10
6360,40
6361,40
6362,40
6363,40
6364,40
6365,29
6366,62
6367,40
6368,40
6369,10
6370,80
6371,18
6372,11
6373,40
6374,40
6375,40
6376,94
6377,40
6378,40
6379,90
6380,40
6381,40
6382,40
6383,2
6384,40
6385,40
6386,40
6387,40
6388,40
6389,40
6390,7
6391,82
6392,50
6393,40
6394,7
6395,57
6396,40
6397,40
6398,10
6399,10
6400,82
6401,84
6402,13
6403,40
6404,40
6405,59
6406,40
6407,2
6408,40
6409,40
6410,39
6411,40
6412,40
6413,40
6414,40
6415,40
6416,40
6417,31
6418,50
6419,14
6420,40
6421,10
6422,93
6423,40
6424,8
6425,43
6426,40
6427,40
6428,25
6429,28
6430,40
6431,40
6432,11
6433,40
6434,3
6435,92
6436,91
6437,40
6438,40
6439,40
6440,33
6441,40
6442,40
6443,40
6444,40
6445,40
6446,11
6447,8
6448,40
6449,46
6450,40
6451,40
6452,40
6453,40
6454,29
6455,40
6456,40
6457,9
6458,40
6459,2
6460,40
6461,40
6462,18
6463,40
6464,40
6465,40
6466,40
6467,99
6468,40
6469,94
6470,40
6471,40
6472,40
6473,67
6474,41
6475,40
6476,40
6477,27
6478,40
6479,40
6480,40
6481,40
6482,31
6483,31
6484,40
6485,40
6486,40
6487,84
6488,12
6489,15
6490,40
6491,40
6492,61
6493,40
6494,40
6495,18
6496,3
6497,40
6498,43
6499,40
6500,18
6501,10
6502,40
6503,18
6504,40
6505,40
6506,40
6507,40
6508,40
6509,92
6510,40
6511,40
6512,26
6513,40
6514,40
6515,40
6516,40
6517,40
6518,29
6519,40
6520,40
6521,11
6522,40
6523,40
6524,84
6525,40
6526,46
6527,8
6528,40
6529,40
6530,86
6531,40
6532,67
6533,40
6534,40
6535,70
6536,40
6537,37
6538,40
6539,40
6540,32
6541,40
6542,4
6543,40
6544,31
6545,40
6546,40
6547,40
6548,40
6549,40
6550,40
6551,40
6552,40
6553,38
6554,40
6555,25
6556,10
6557,40
6558,40
6559,50
6560,40
6561,40
6562,50
6563,11
6564,10
6565,40
6566,39
6567,9
6568,40
6569,71
6570,40
6571,86
6572,11
6573,40
6574,40
6575,40
6576,40
6577,40
6578,40
6579,40
6580,40
6581,40
6582,19
6583,40
6584,40
6585,40
6586,40
6587,40
6588,94
6589,40
6590,40
6591,33
6592,78
6593,33
6594,40
6595,76
6596,40
6597,40
6598,15
6599,76
6600,40
6601,40
6602,40
6603,2
6604,40
6605,29
6606,88
6607,81
6608,2
6609,40
6610,40
6611,40
6612,92
6613,40
6614,40
6615,40
6616,44
6617,10
6618,41
6619,4
6620,2
6621,40
6622,40
6623,33
6624,40
6625,40
6626,4
6627,40
6628,26
6629,40
6630,40
6631,40
6632,40
6633,40
6634,97
6635,13
6636,73
6637,40
6638,40
6639,40
6640,40
6641,10
6642,26
6643,82
6644,40
6645,40
6646,23
6647,7
6648,33
6649,57
6650,82
6651,40
6652,60
6653,31
6654,79
6655,4
6656,40
6657,92
6658,92
6659,40
6660,92
6661,40
6662,40
6663,40
6664,40
6665,67
6666,73
6667,9
6668,92
6669,44
6670,89
6671,40
6672,33
6673,81
6674,40
6675,40
6676,40
6677,40
6678,39
6679,82
6680,95
6681,40
6682,2
6683,40
6684,92
6685,40
6686,31
6687,77
6688,96
6689,80
6690,40
6691,40
6692,77
6693,31
6694,11
6695,40
6696,40
6697,92
6698,40
6699,23
6700,40
6701,90
6702,19
6703,40
6704,35
6705,40
6706,76
6707,12
6708,29
6709,40
6710,40
6711,62
6712,40
6713,40
6714,40
6715,25
6716,40
6717,90
6718,10
6719,40
6720,40
6721,2
6722,40
6723,40
6724,40
6725,33
6726,40
6727,40
6728,40
6729,40
6730,40
6731,40
6732,40
6733,40
6734,37
6735,40
6736,7
6737,40
6738,40
6739,40
6740,91
6741,62
6742,76
6743,40
6744,40
6745,43
6746,40
6747,40
6748,40
6749,40
6750,40
6751,31
6752,36
6753,40
6754,40
6755,60
6756,40
6757,40
6758,38
6759,27
6760,87
6761,40
6762,19
6763,80
6764,40
6765,40
6766,39
6767,7
6768,32
6769,40
6770,40
6771,29
6772,40
6773,46
6774,36
6775,40
6776,40
6777,40
6778,40
6779,40
6780,40
6781,40
6782,31
6783,40
6784,7
6785,40
6786,92
6787,76
6788,62
6789,40
6790,67
6791,98
6792,70
6793,40
6794,73
6795,37
6796,40
6797,40
6798,40
6799,40
6800,40
6801,40
6802,2
6803,40
6804,88
6805,40
6806,40
6807,30
6808,64
6809,40
6810,26
6811,4
6812,92
6813,40
6814,40
6815,70
6816,7
6817,7
6818,40
6819,40
6820,12
6821,33
6822,66
6823,16
6824,92
6825,40
6826,40
6827,31
6828,40
6829,11
6830,89
6831,40
6832,40
6833,40
6834,79
6835,62
6836,10
6837,40
6838,11
6839,84
6840,88
6841,40
6842,44
6843,23
6844,40
6845,74
6846,40
6847,40
6848,40
6849,8
6850,40
6851,41
6852,46
6853,40
6854,40
6855,29
6856,40
6857,40
6858,41
6859,40
6860,99
6861,40
6862,2
6863,40
6864,40
6865,92
6866,67
6867,40
6868,10
6869,40
6870,92
6871,40
6872,73
6873,97
6874,40
6875,40
6876,40
6877,12
6878,11
6879,40
6880,40
6881,40
6882,37
6883,78
6884,66
6885,40
6886,80
6887,18
6888,40
6889,10
6890,33
6891,40
6892,40
6893,40
6894,40
6895,33
6896,40
6897,40
6898,40
6899,40
6900,40
6901,63
6902,40
6903,40
6904,40
6905,40
6906,86
6907,40
6908,19
6909,40
6910,39
6911,40
6912,10
6913,92
6914,40
6915,97
6916,10
6917,40
6918,7
6919,40
6920,90
6921,38
6922,61
6923,90
6924,9
6925,36
6926,40
6927,11
6928,40
6929,40
6930,70
6931,29
6932,76
6933,2
6934,77
6935,92
6936,40
6937,40
6938,40
6939,40
6940,67
6941,40
6942,45
6943,92
6944,40
6945,40
6946,72
6947,10
6948,40
6949,80
6950,40
6951,27
6952,41
6953,16
6954,72
6955,40
6956,3
6957,40
6958,40
6959,70
6960,10
6961,31
6962,40
6963,32
6964,80
6965,87
6966,16
6967,40
6968,96
6969,50
6970,36
6971,40
6972,40
6973,40
6974,37
6975,40
6976,77
6977,40
6978,40
6979,40
6980,96
6981,12
6982,39
6983,40
6984,40
6985,12
6986,40
6987,18
6988,70
6989,67
6990,67
6991,26
6992,40
6993,40
6994,40
6995,40
6996,40
6997,40
6998,40
6999,11
7000,40
7001,64
7002,65
7003,40
7004,97
7005,62
7006,92
7007,40
7008,40
7009,40
7010,96
7011,97
7012,79
7013,40
7014,13
7015,40
7016,40
7017,4
7018,40
7019,40
7020,28
7021,84
7022,62
7023,40
7024,40
7025,40
7026,81
7027,40
7028,96
7029,40
7030,40
7031,40
7032,40
7033,62
7034,40
7035,40
7036,91
7037,40
7038,16
7039,23
7040,40
7041,97
7042,40
7043,40
7044,40
7045,88
7046,40
7047,40
7048,40
7049,40
7050,41
7051,11
7052,40
7053,93
7054,40
7055,40
7056,92
7057,10
7058,40
7059,42
7060,40
7061,15
7062,40
7063,40
7064,39
7065,4
7066,40
7067,40
7068,40
7069,40
7070,40
7071,23
7072,40
7073,40
7074,40
7075,40
7076,40
7077,40
7078,77
7079,40
7080,40
7081,25
7082,16
7083,40
7084,40
7085,40
7086,40
7087,40
7088,40
7089,57
7090,40
7091,40
7092,40
7093,40
7094,18
7095,91
7096,60
7097,40
7098,40
7099,40
7100,16
7101,10
7102,18
7103,92
7104,8
7105,77
7106,40
7107,40
7108,40
7109,2
7110,40
7111,3
7112,40
7113,90
7114,10
7115,46
7116,40
7117,12
7118,63
7119,40
7120,82
7121,40
7122,12
7123,40
7124,82
7125,40
7126,40
7127,39
7128,40
7129,40
7130,70
7131,40
7132,40
7133,40
7134,40
7135,40
7136,40
7137,33
7138,40
7139,40
7140,40
7141,30
7142,10
7143,40
7144,40
7145,40
7146,40
7147,40
7148,40
7149,94
7150,40
7151,40
7152,63
7153,50
7154,40
7155,40
7156,12
7157,40
7158,13
7159,40
7160,35
7161,19
7162,2
7163,40
7164,40
7165,28
7166,8
7167,40
7168,12
7169,40
7170,72
7171,40
7172,29
7173,40
7174,40
7175,40
7176,76
7177,40
7178,40
7179,40
7180,33
7181,40
7182,92
7183,2
7184,40
7185,40
7186,13
7187,95
7188,40
7189,40
7190,92
7191,40
7192,40
7193,40
7194,91
7195,40
7196,10
7197,40
7198,89
7199,79
7200,40
7201,40
7202,96
7203,61
7204,40
7205,40
7206,40
7207,46
7208,40
7209,40
7210,40
7211,40
7212,40
7213,40
7214,40
7215,40
7216,40
7217,40
7218,40
7219,40
7220,40
7221,92
7222,67
7223,40
7224,36
7225,66
7226,40
7227,35
7228,40
7229,3
7230,43
7231,99
7232,40
7233,40
7234,40
7235,40
7236,40
7237,10
7238,40
7239,40
7240,40
7241,40
7242,10
7243,40
7244,40
7245,40
7246,81
7247,11
7248,40
7249,40
7250,40
7251,59
7252,40
7253,40
7254,40
7255,40
7256,40
7257,40
7258,40
7259,40
7260,40
7261,40
7262,7
7263,40
7264,40
7265,2
7266,78
7267,40
7268,82
7269,40
7270,40
7271,40
7272,40
7273,40
7274,40
7275,33
7276,40
7277,40
7278,32
7279,40
7280,40
7281,40
7282,40
7283,10
7284,7
7285,39
7286,4
7287,2
7288,40
7289,40
7290,40
7291,40
7292,40
7293,40
7294,40
7295,10
7296,40
7297,40
7298,40
7299,40
7300,91
7301,19
7302,40
7303,40
7304,2
7305,80
7306,10
7307,40
7308,40
7309,40
7310,67
7311,40
7312,40
7313,59
7314,80
7315,40
7316,33
7317,94
7318,40
7319,26
7320,40
7321,89
7322,40
7323,11
7324,40
7325,40
7326,40
7327,40
7328,40
7329,40
7330,40
7331,25
7332,40
7333,40
7334,40
7335,10
7336,43
7337,40
7338,40
7339,40
7340,50
7341,10
7342,40
7343,41
7344,39
7345,40
7346,40
7347,40
7348,35
7349,66
7350,40
7351,40
7352,90
7353,40
7354,40
7355,11
7356,40
7357,6
7358,40
7359,3
7360,40
7361,40
7362,40
7363,40
7364,40
7365,80
7366,40
7367,40
7368,6
7369,40
7370,40
7371,8
7372,2
7373,88
7374,40
7375,40
7376,40
7377,35
7378,40
7379,40
7380,40
7381,40
7382,40
7383,18
7384,40
7385,40
7386,40
7387,40
7388,40
7389,40
7390,40
7391,40
7392,84
7393,10
7394,40
7395,40
7396,40
7397,70
7398,10
7399,40
7400,40
7401,92
7402,40
7403,40
7404,40
7405,64
7406,40
7407,40
7408,69
7409,40
7410,40
7411,33
7412,40
7413,40
7414,69
7415,12
7416,40
7417,87
7418,65
7419,61
7420,40
7421,94
7422,31
7423,40
7424,18
7425,64
7426,40
7427,90
7428,23
7429,2
7430,98
7431,10
7432,40
7433,51
7434,40
7435,92
7436,15
7437,40
7438,34
7439,67
7440,40
7441,40
7442,76
7443,39
7444,40
7445,40
7446,11
7447,40
7448,40
7449,40
7450,86
7451,41
7452,40
7453,23
7454,90
7455,41
7456,40
7457,92
7458,30
7459,40
7460,90
7461,40
7462,99
7463,40
7464,74
7465,40
7466,40
7467,19
7468,95
7469,99
7470,40
7471,40
7472,82
7473,40
7474,40
7475,32
7476,31
7477,40
7478,11
7479,7
7480,33
7481,40
7482,40
7483,38
7484,40
7485,10
7486,40
7487,40
7488,40
7489,40
7490,11
7491,40
7492,37
7493,26
7494,40
7495,40
7496,40
7497,40
7498,9
7499,92
7500,85
7501,67
7502,72
7503,40
7504,40
7505,41
7506,40
7507,2
7508,40
7509,40
7510,74
7511,45
7512,40
7513,40
7514,40
7515,40
7516,40
7517,40
7518,40
7519,60
7520,34
7521,85
7522,40
7523,40
7524,40
7525,94
7526,40
7527,41
7528,40
7529,88
7530,40
7531,78
7532,67
7533,40
7534,10
7535,84
7536,7
7537,31
7538,40
7539,40
7540,40
7541,40
7542,2
7543,40
7544,40
7545,40
7546,33
7547,19
7548,86
7549,40
7550,3
7551,32
7552,40
7553,88
7554,40
7555,72
7556,40
7557,40
7558,40
7559,33
7560,46
7561,40
7562,40
7563,40
7564,40
7565,7
7566,40
7567,40
7568,40
7569,30
7570,96
7571,40
7572,80
7573,40
7574,40
7575,40
7576,40
7577,30
7578,66
7579,40
7580,7
7581,40
7582,14
7583,40
7584,40
7585,40
7586,40
7587,40
7588,40
7589,40
7590,32
7591,40
7592,26
7593,40
7594,40
7595,94
7596,35
7597,40
7598,40
7599,26
7600,40
7601,40
7602,8
7603,40
7604,65
7605,40
7606,39
7607,61
7608,40
7609,40
7610,30
7611,40
7612,40
7613,40
7614,40
7615,67
7616,35
7617,40
7618,29
7619,40
7620,40
7621,40
7622,61
7623,40
7624,40
7625,85
7626,40
7627,94
7628,40
7629,88
7630,40
7631,30
7632,40
7633,40
7634,82
7635,40
7636,80
7637,40
7638,40
7639,77
7640,84
7641,40
7642,40
7643,88
7644,40
7645,35
7646,40
7647,66
7648,80
7649,56
7650,67
7651,40
7652,40
7653,39
7654,40
7655,82
7656,23
7657,84
7658,90
7659,40
7660,37
7661,70
7662,90
7663,40
7664,32
7665,40
7666,40
7667,60
7668,11
7669,9
7670,72
7671,9
7672,4
7673,80
7674,40
7675,40
7676,61
7677,19
7678,72
7679,29
7680,89
7681,40
7682,10
7683,80
7684,71
7685,11
7686,40
7687,62
7688,40
7689,40
7690,40
7691,40
7692,40
7693,40
7694,40
7695,40
7696,40
7697,9
7698,40
7699,40
7700,40
7701,40
7702,40
7703,3
7704,39
7705,40
7706,7
7707,40
7708,70
7709,40
7710,13
7711,33
7712,40
7713,10
7714,40
7715,11
7716,40
7717,76
7718,3
7719,33
7720,40
7721,40
7722,12
7723,80
7724,97
7725,93
7726,40
7727,40
7728,40
7729,40
7730,40
7731,7
7732,40
7733,40
7734,40
7735,40
7736,72
7737,85
7738,40
7739,40
7740,40
7741,41
7742,11
7743,40
7744,14
7745,40
7746,40
7747,40
7748,40
7749,40
7750,40
7751,40
7752,40
7753,33
7754,10
7755,33
7756,10
7757,40
7758,40
7759,38
7760,19
7761,40
7762,40
7763,40
7764,74
7765,80
7766,10
7767,40
7768,40
7769,40
7770,40
7771,40
7772,77
7773,40
7774,94
7775,2
7776,50
7777,40
7778,4
7779,40
7780,57
7781,40
7782,30
7783,40
7784,40
7785,40
7786,29
7787,96
7788,57
7789,40
7790,19
7791,19
7792,40
7793,9
7794,40
7795,83
7796,40
7797,40
7798,40
7799,31
7800,40
7801,40
7802,44
7803,40
7804,33
7805,3
7806,40
7807,16
7808,3
7809,23
7810,32
7811,40
7812,10
7813,40
7814,40
7815,83
7816,12
7817,40
7818,40
7819,33
7820,40
7821,40
7822,16
7823,40
7824,40
7825,89
7826,73
7827,40
7828,11
7829,10
7830,40
7831,40
7832,92
7833,16
7834,23
7835,45
7836,12
7837,40
7838,40
7839,33
7840,40
7841,40
7842,40
7843,40
7844,93
7845,71
7846,40
7847,40
7848,40
7849,40
7850,18
7851,89
7852,40
7853,79
7854,14
7855,67
7856,15
7857,40
7858,40
7859,66
7860,15
7861,51
7862,86
7863,40
7864,40
7865,97
7866,96
7867,32
7868,40
7869,78
7870,40
7871,40
7872,40
7873,40
7874,16
7875,66
7876,72
7877,82
7878,70
7879,11
7880,40
7881,18
7882,99
7883,40
7884,40
7885,77
7886,40
7887,10
7888,40
7889,40
7890,40
7891,40
7892,37
7893,40
7894,40
7895,28
7896,40
7897,38
7898,40
7899,40
7900,76
7901,40
7902,40
7903,40
7904,40
7905,36
7906,40
7907,40
7908,40
7909,99
7910,38
7911,40
7912,16
7913,82
7914,87
7915,40
7916,13
7917,40
7918,40
7919,40
7920,40
7921,40
7922,84
7923,80
7924,40
7925,40
7926,40
7927,33
7928,40
7929,82
7930,40
7931,89
7932,13
7933,40
7934,40
7935,37
7936,40
7937,40
7938,40
7939,38
7940,40
7941,44
7942,40
7943,79
7944,57
7945,51
7946,40
7947,40
7948,31
7949,40
7950,40
7951,40
7952,12
7953,41
7954,40
7955,50
7956,25
7957,40
7958,37
7959,40
7960,40
7961,40
7962,40
7963,40
7964,43
7965,40
7966,40
7967,40
7968,40
7969,40
7970,98
7971,29
7972,40
7973,40
7974,40
7975,32
7976,40
7977,40
7978,40
7979,28
7980,67
7981,70
7982,40
7983,40
7984,40
7985,40
7986,40
7987,40
7988,40
7989,61
7990,40
7991,40
7992,40
7993,40
7994,40
7995,19
7996,40
7997,40
7998,40
7999,40
8000,40
8001,57
8002,70
8003,40
8004,28
8005,67
8006,40
8007,40
8008,40
8009,40
8010,41
8011,40
8012,91
8013,40
8014,40
8015,40
8016,26
8017,40
8018,40
8019,71
8020,40
8021,40
8022,31
8023,40
8024,11
8025,40
8026,14
8027,67
8028,57
8029,40
8030,40
8031,36
8032,12
8033,40
8034,40
8035,40
8036,40
8037,40
8038,12
8039,90
8040,69
8041,40
8042,40
8043,40
8044,40
8045,33
8046,64
8047,40
8048,40
8049,40
8050,38
8051,40
8052,40
8053,30
8054,40
8055,40
8056,83
8057,40
8058,40
8059,70
8060,40
8061,40
8062,40
8063,40
8064,40
8065,18
8066,38
8067,40
8068,96
8069,40
8070,11
8071,40
8072,40
8073,40
8074,40
8075,40
8076,10
8077,71
8078,40
8079,40
8080,38
8081,26
8082,76
8083,31
8084,40
8085,40
8086,40
8087,40
8088,40
8089,57
8090,40
8091,50
8092,25
8093,40
8094,40
8095,40
8096,10
8097,40
8098,40
8099,40
8100,9
8101,28
8102,40
8103,40
8104,40
8105,15
8106,11
8107,14
8108,40
8109,40
8110,40
8111,40
8112,30
8113,40
8114,9
8115,40
8116,94
8117,92
8118,31
8119,40
8120,40
8121,40
8122,40
8123,51
8124,40
8125,73
8126,30
8127,40
8128,40
8129,7
8130,32
8131,37
8132,16
8133,40
8134,7
8135,40
8136,26
8137,40
8138,40
8139,40
8140,40
8141,18
8142,40
8143,40
8144,40
8145,50
8146,40
8147,33
8148,83
8149,11
8150,40
8151,40
8152,40
8153,82
8154,6
8155,40
8156,40
8157,40
8158,40
8159,40
8160,40
8161,40
8162,36
8163,40
8164,12
8165,12
8166,81
8167,40
8168,40
8169,31
8170,40
8171,40
8172,40
8173,40
8174,90
8175,9
8176,40
8177,40
8178,10
8179,40
8180,40
8181,77
8182,4
8183,40
8184,40
8185,40
8186,40
8187,89
8188,35
8189,40
8190,80
8191,40
8192,11
8193,39
8194,40
8195,40
8196,40
8197,12
8198,40
8199,13
8200,40
8201,38
8202,95
8203,11
8204,64
8205,40
8206,40
8207,40
8208,40
8209,40
8210,96
8211,3
8212,29
8213,35
8214,40
8215,69
8216,40
8217,71
8218,40
8219,10
8220,40
8221,40
8222,11
8223,25
8224,40
8225,46
8226,40
8227,50
8228,40
8229,67
8230,40
8231,97
8232,15
8233,40
8234,38
8235,13
8236,88
8237,40
8238,40
8239,16
8240,41
8241,92
8242,85
8243,40
8244,70
8245,40
8246,40
8247,40
8248,40
8249,40
8250,40
8251,40
8252,40
8253,80
8254,40
8255,40
8256,40
8257,33
8258,40
8259,65
8260,8
8261,40
8262,84
8263,40
8264,12
8265,57
8266,12
8267,40
8268,11
8269,40
8270,38
8271,40
8272,40
8273,40
8274,40
8275,86
8276,40
8277,18
8278,40
8279,28
8280,26
8281,37
8282,40
8283,90
8284,45
8285,23
8286,40
8287,67
8288,9
8289,40
8290,69
8291,70
8292,51
8293,40
8294,40
8295,40
8296,40
8297,40
8298,40
8299,12
8300,30
8301,8
8302,40
8303,40
8304,40
8305,23
8306,40
8307,40
8308,39
8309,35
8310,40
8311,30
8312,40
8313,27
8314,7
8315,40
8316,40
8317,40
8318,70
8319,40
8320,40
8321,94
8322,40
8323,40
8324,36
8325,30
8326,76
8327,40
8328,12
8329,10
8330,43
8331,35
8332,57
8333,40
8334,40
8335,50
8336,40
8337,40
8338,40
8339,40
8340,40
8341,18
8342,40
8343,10
8344,40
8345,40
8346,40
8347,40
8348,2
8349,29
8350,40
8351,40
8352,40
8353,60
8354,40
8355,40
8356,40
8357,40
8358,36
8359,12
8360,40
8361,41
8362,40
8363,40
8364,33
8365,40
8366,26
8367,40
8368,40
8369,74
8370,40
8371,51
8372,40
8373,40
8374,67
8375,37
8376,40
8377,40
8378,40
8379,40
8380,95
8381,32
8382,41
8383,69
8384,40
8385,40
8386,40
8387,40
8388,40
8389,4
8390,40
8391,40
8392,40
8393,40
8394,40
8395,40
8396,8
8397,40
8398,40
8399,40
8400,57
8401,40
8402,40
8403,40
8404,40
8405,33
8406,40
8407,40
8408,40
8409,40
8410,40
8411,40
8412,11
8413,46
8414,94
8415,29
8416,40
8417,40
8418,4
8419,66
8420,10
8421,11
8422,40
8423,40
8424,13
8425,76
8426,40
8427,99
8428,40
8429,41
8430,40
8431,40
8432,99
8433,88
8434,92
8435,40
8436,40
8437,81
8438,65
8439,40
8440,40
8441,18
8442,40
8443,29
8444,52
8445,71
8446,40
8447,64
8448,40
8449,40
8450,40
8451,11
8452,71
8453,25
8454,40
8455,95
8456,73
8457,40
8458,60
8459,99
8460,40
8461,41
8462,32
8463,40
8464,33
8465,66
8466,89
8467,9
8468,40
8469,40
8470,88
8471,78
8472,83
8473,40
8474,9
8475,18
8476,40
8477,82
8478,40
8479,40
8480,40
8481,40
8482,40
8483,40
8484,40
8485,40
8486,44
8487,8
8488,26
8489,88
8490,40
8491,40
8492,40
8493,11
8494,40
8495,40
8496,64
8497,40
8498,61
8499,40
8500,79
8501,72
8502,36
8503,18
8504,92
8505,40
8506,40
8507,94
8508,40
8509,40
8510,40
8511,40
8512,11
8513,7
8514,40
8515,10
8516,9
8517,40
8518,40
8519,7
8520,67
8521,70
8522,40
8523,40
8524,40
8525,40
8526,40
8527,40
8528,40
8529,62
8530,40
8531,40
8532,40
8533,33
8534,40
8535,97
8536,74
8537,40
8538,40
8539,91
8540,40
8541,15
8542,40
8543,45
8544,61
8545,40
8546,40
8547,40
8548,40
8549,40
8550,8
8551,40
8552,32
8553,82
8554,40
8555,28
8556,25
8557,10
8558,40
8559,28
8560,3
8561,96
8562,40
8563,40
8564,45
8565,65
8566,46
8567,40
8568,40
8569,92
8570,40
8571,40
8572,40
8573,40
8574,40
8575,40
8576,79
8577,40
8578,40
8579,40
8580,57
8581,77
8582,99
8583,2
8584,40
8585,40
8586,40
8587,37
8588,40
8589,79
8590,40
8591,77
8592,40
8593,84
8594,40
8595,40
8596,72
8597,69
8598,40
8599,40
8600,40
8601,70
8602,40
8603,99
8604,40
8605,39
8606,40
8607,18
8608,82
8609,40
8610,40
8611,40
8612,40
8613,40
8614,40
8615,40
8616,3
8617,88
8618,7
8619,10
8620,50
8621,40
8622,40
8623,40
8624,40
8625,40
8626,50
8627,12
8628,92
8629,40
8630,3
8631,40
8632,34
8633,40
8634,40
8635,12
8636,40
8637,40
8638,40
8639,33
8640,40
8641,40
8642,40
8643,62
8644,40
8645,87
8646,40
8647,40
8648,40
8649,40
8650,90
8651,40
8652,10
8653,40
8654,40
8655,39
8656,4
8657,40
8658,40
8659,10
8660,90
8661,40
8662,34
8663,40
8664,10
8665,40
8666,37
8667,40
8668,16
8669,40
8670,40
8671,72
8672,40
8673,40
8674,40
8675,11
8676,40
8677,72
8678,10
8679,40
8680,16
8681,40
8682,40
8683,40
8684,40
8685,3
8686,40
8687,40
8688,51
8689,40
8690,3
8691,64
8692,40
8693,40
8694,12
8695,40
8696,40
8697,40
8698,40
8699,40
8700,40
8701,40
8702,95
8703,12
8704,70
8705,40
8706,40
8707,25
8708,8
8709,40
8710,40
8711,40
8712,40
8713,77
8714,40
8715,66
8716,77
8717,45
8718,35
8719,37
8720,40
8721,36
8722,86
8723,40
8724,40
8725,40
8726,45
8727,96
8728,40
8729,40
8730,40
8731,40
8732,40
8733,90
8734,10
8735,40
8736,36
8737,40
8738,40
8739,40
8740,40
8741,67
8742,40
8743,40
8744,40
8745,92
8746,73
8747,90
8748,80
8749,23
8750,62
8751,27
8752,40
8753,40
8754,40
8755,40
8756,40
8757,10
8758,40
8759,40
8760,40
8761,40
8762,40
8763,85
8764,40
8765,40
8766,12
8767,40
8768,40
8769,40
8770,40
8771,40
8772,2
8773,40
8774,40
8775,40
8776,99
8777,40
8778,39
8779,40
8780,4
8781,85
8782,36
8783,41
8784,36
8785,40
8786,40
8787,70
8788,89
8789,40
8790,40
8791,40
8792,89
8793,40
8794,76
8795,82
8796,77
8797,40
8798,76
8799,40
8800,40
8801,40
8802,40
8803,40
8804,31
8805,40
8806,86
8807,40
8808,40
8809,18
8810,85
8811,40
8812,35
8813,40
8814,92
8815,40
8816,40
8817,40
8818,40
8819,82
8820,31
8821,40
8822,86
8823,16
8824,40
8825,40
8826,3
8827,99
8828,30
8829,40
8830,40
8831,92
8832,40
8833,40
8834,40
8835,40
8836,40
8837,40
8838,40
8839,40
8840,10
8841,43
8842,40
8843,39
8844,40
8845,92
8846,40
8847,82
8848,40
8849,40
8850,67
8851,18
8852,40
8853,84
8854,83
8855,40
8856,30
8857,60
8858,40
8859,40
8860,40
8861,40
8862,74
8863,40
8864,14
8865,81
8866,33
8867,40
8868,40
8869,36
8870,40
8871,4
8872,97
8873,40
8874,40
8875,40
8876,74
8877,40
8878,45
8879,40
8880,40
8881,40
8882,94
8883,41
8884,11
8885,40
8886,96
8887,40
8888,31
8889,82
8890,80
8891,40
8892,40
8893,40
8894,64
8895,40
8896,6
8897,46
8898,40
8899,33
8900,61
8901,40
8902,80
8903,99
8904,40
8905,40
8906,40
8907,40
8908,40
8909,89
8910,23
8911,40
8912,40
8913,82
8914,72
8915,93
8916,33
8917,40
8918,96
8919,40
8920,10
8921,40
8922,12
8923,40
8924,67
8925,40
8926,40
8927,40
8928,40
8929,40
8930,51
8931,57
8932,88
8933,40
8934,40
8935,40
8936,40
8937,40
8938,16
8939,40
8940,86
8941,69
8942,95
8943,39
8944,40
8945,40
8946,40
8947,71
8948,46
8949,40
8950,43
8951,93
8952,43
8953,25
8954,19
8955,39
8956,40
8957,40
8958,40
8959,40
8960,2
8961,40
8962,40
8963,9
8964,40
8965,43
8966,40
8967,40
8968,89
8969,9
8970,40
8971,83
8972,40
8973,8
8974,40
8975,12
8976,40
8977,40
8978,40
8979,40
8980,30
8981,40
8982,40
8983,40
8984,66
8985,40
8986,3
8987,33
8988,40
8989,36
8990,40
8991,40
8992,40
8993,40
8994,40
8995,40
8996,36
8997,40
8998,59
8999,40
9000,67
9001,40
9002,40
9003,40
9004,40
9005,40
9006,4
9007,40
9008,40
9009,40
9010,94
9011,4
9012,98
9013,40
9014,40
9015,3
9016,40
9017,40
9018,40
9019,10
9020,40
9021,40
9022,40
9023,40
9024,40
9025,40
9026,29
9027,40
9028,40
9029,40
9030,40
9031,99
9032,40
9033,40
9034,40
9035,40
9036,40
9037,40
9038,94
9039,25
9040,40
9041,4
9042,33
9043,40
9044,40
9045,40
9046,40
9047,73
9048,40
9049,29
9050,14
9051,39
9052,64
9053,10
9054,40
9055,40
9056,67
9057,40
9058,60
9059,40
9060,40
9061,40
9062,40
9063,50
9064,57
9065,40
9066,40
9067,40
9068,40
9069,40
9070,51
9071,40
9072,40
9073,82
9074,40
9075,40
9076,40
9077,40
9078,40
9079,40
9080,40
9081,40
9082,40
9083,40
9084,40
9085,40
9086,40
9087,50
9088,35
9089,40
9090,10
9091,40
9092,31
9093,74
9094,82
9095,70
9096,40
9097,40
9098,40
9099,84
9100,40
9101,40
9102,40
9103,40
9104,61
9105,66
9106,40
9107,40
9108,70
9109,40
9110,7
9111,40
9112,83
9113,40
9114,77
9115,40
9116,93
9117,40
9118,40
9119,16
9120,3
9121,40
9122,19
9123,39
9124,40
9125,12
9126,40
9127,6
9128,40
9129,67
9130,40
9131,40
9132,40
9133,33
9134,40
9135,40
9136,40
9137,72
9138,40
9139,33
9140,12
9141,95
9142,40
9143,35
9144,19
9145,40
9146,40
9147,40
9148,40
9149,72
9150,40
9151,40
9152,4
9153,40
9154,37
9155,40
9156,10
9157,67
9158,50
9159,40
9160,40
9161,40
9162,40
9163,40
9164,40
9165,40
9166,40
9167,40
9168,40
9169,7
9170,40
9171,31
9172,45
9173,40
9174,91
9175,26
9176,40
9177,40
9178,40
9179,40
9180,40
9181,40
9182,2
9183,40
9184,40
9185,40
9186,40
9187,44
9188,93
9189,88
9190,10
9191,40
9192,40
9193,40
9194,40
9195,40
9196,40
9197,8
9198,73
9199,82
9200,50
9201,29
9202,41
9203,40
9204,40
9205,25
9206,40
9207,40
9208,90
9209,37
9210,84
9211,36
9212,40
9213,40
9214,80
9215,18
9216,4
9217,40
9218,33
9219,40
9220,40
9221,49
9222,30
9223,40
9224,94
9225,40
9226,40
9227,92
9228,94
9229,40
9230,12
9231,40
9232,40
9233,40
9234,40
9235,96
9236,40
9237,40
9238,40
9239,40
9240,40
9241,40
9242,40
9243,51
9244,40
9245,40
9246,40
9247,40
9248,40
9249,12
9250,16
9251,40
9252,40
9253,40
9254,16
9255,9
9256,60
9257,7
9258,40
9259,40
9260,40
9261,40
9262,40
9263,40
9264,32
9265,4
9266,40
9267,40
9268,13
9269,94
9270,40
9271,40
9272,8
9273,40
9274,40
9275,40
9276,29
9277,40
9278,40
9279,40
9280,40
9281,40
9282,94
9283,10
9284,40
9285,96
9286,40
9287,40
9288,40
9289,40
9290,80
9291,62
9292,40
9293,51
9294,40
9295,40
9296,40
9297,40
9298,40
9299,40
9300,71
9301,40
9302,40
9303,10
9304,9
9305,35
9306,82
9307,60
9308,40
9309,91
9310,40
9311,67
9312,26
9313,40
9314,6
9315,10
9316,40
9317,40
9318,72
9319,37
9320,95
9321,40
9322,40
9323,40
9324,89
9325,45
9326,85
9327,64
9328,40
9329,35
9330,40
9331,90
9332,40
9333,98
9334,40
9335,40
9336,40
9337,40
9338,40
9339,40
9340,40
9341,87
9342,4
9343,80
9344,40
9345,41
9346,40
9347,69
9348,40
9349,40
9350,40
9351,4
9352,40
9353,10
9354,91
9355,9
9356,45
9357,36
9358,40
9359,2
9360,40
9361,40
9362,57
9363,40
9364,88
9365,11
9366,78
9367,40
9368,23
9369,11
9370,40
9371,40
9372,40
9373,18
9374,40
9375,40
9376,8
9377,40
9378,40
9379,40
9380,8
9381,40
9382,40
9383,40
9384,40
9385,34
9386,7
9387,40
9388,40
9389,86
9390,40
9391,40
9392,2
9393,31
9394,40
9395,60
9396,40
9397,40
9398,40
9399,18
9400,46
9401,40
9402,40
9403,40
9404,97
9405,40
9406,27
9407,40
9408,3
9409,84
9410,40
9411,40
9412,40
9413,40
9414,40
9415,40
9416,40
9417,40
9418,40
9419,40
9420,86
9421,40
9422,43
9423,8
9424,10
9425,9
9426,40
9427,40
9428,45
9429,40
9430,40
9431,40
9432,40
9433,25
9434,71
9435,76
9436,37
9437,40
9438,40
9439,40
9440,40
9441,39
9442,44
9443,40
9444,10
9445,16
9446,14
9447,40
9448,83
9449,92
9450,9
9451,62
9452,91
9453,40
9454,12
9455,66
9456,40
9457,40
9458,77
9459,60
9460,40
9461,40
9462,8
9463,23
9464,91
9465,40
9466,40
9467,40
9468,40
9469,40
9470,40
9471,11
9472,40
9473,40
9474,62
9475,40
9476,40
9477,76
9478,40
9479,40
9480,92
9481,40
9482,40
9483,40
9484,41
9485,40
9486,38
9487,40
9488,40
9489,11
9490,40
9491,57
9492,40
9493,40
9494,40
9495,37
9496,40
9497,92
9498,40
9499,40
9500,40
9501,40
9502,57
9503,88
9504,40
9505,14
9506,92
9507,61
9508,4
9509,77
9510,36
9511,40
9512,40
9513,40
9514,41
9515,37
9516,40
9517,40
9518,40
9519,40
9520,40
9521,12
9522,40
9523,40
9524,39
9525,40
9526,40
9527,40
9528,40
9529,40
9530,40
9531,40
9532,13
9533,13
9534,26
9535,40
9536,44
9537,25
9538,40
9539,40
9540,40
9541,40
9542,9
9543,91
9544,96
9545,33
9546,40
9547,98
9548,40
9549,40
9550,40
9551,40
9552,40
9553,91
9554,40
9555,40
9556,40
9557,26
9558,40
9559,10
9560,40
9561,40
9562,40
9563,40
9564,40
9565,40
9566,92
9567,40
9568,40
9569,40
9570,70
9571,6
9572,11
9573,25
9574,99
9575,33
9576,40
9577,16
9578,39
9579,40
9580,70
9581,73
9582,40
9583,91
9584,16
9585,10
9586,99
9587,62
9588,40
9589,40
9590,69
9591,40
9592,40
9593,44
9594,40
9595,40
9596,85
9597,40
9598,40
9599,74
9600,40
9601,45
9602,57
9603,2
9604,40
9605,72
9606,40
9607,31
9608,40
9609,90
9610,99
9611,39
9612,40
9613,12
9614,11
9615,40
9616,40
9617,40
9618,40
9619,6
9620,67
9621,40
9622,3
9623,40
9624,40
9625,90
9626,40
9627,40
9628,11
9629,40
9630,11
9631,40
9632,40
9633,40
9634,40
9635,40
9636,28
9637,40
9638,40
9639,40
9640,40
9641,70
9642,40
9643,40
9644,96
9645,26
9646,10
9647,40
9648,40
9649,12
9650,40
9651,40
9652,40
9653,41
9654,40
9655,40
9656,40
9657,40
9658,44
9659,40
9660,2
9661,40
9662,31
9663,78
9664,40
9665,71
9666,40
9667,40
9668,13
9669,40
9670,83
9671,69
9672,40
9673,7
9674,40
9675,13
9676,59
9677,40
9678,40
9679,82
9680,40
9681,10
9682,40
9683,40
9684,38
9685,40
9686,40
9687,40
9688,3
9689,6
9690,40
9691,80
9692,7
9693,3
9694,12
9695,40
9696,46
9697,61
9698,40
9699,40
9700,40
9701,40
9702,45
9703,40
9704,40
9705,40
9706,40
9707,40
9708,40
9709,72
9710,40
9711,16
9712,16
9713,40
9714,40
9715,28
9716,36
9717,40
9718,40
9719,40
9720,40
9721,40
9722,40
9723,57
9724,40
9725,62
9726,40
9727,40
9728,40
9729,95
9730,16
9731,4
9732,40
9733,40
9734,40
9735,40
9736,62
9737,40
9738,40
9739,11
9740,40
9741,77
9742,40
9743,40
9744,39
9745,2
9746,4
9747,61
9748,4
9749,51
9750,80
9751,40
9752,12
9753,40
9754,9
9755,99
9756,40
9757,92
9758,57
9759,92
9760,40
9761,51
9762,82
9763,45
9764,28
9765,93
9766,89
9767,40
9768,4
9769,40
9770,45
9771,40
9772,67
9773,40
9774,40
9775,40
9776,40
9777,91
9778,40
9779,40
9780,40
9781,40
9782,40
9783,40
9784,7
9785,43
9786,40
9787,94
9788,2
9789,40
9790,89
9791,40
9792,40
9793,26
9794,13
9795,40
9796,10
9797,40
9798,40
9799,40
9800,40
9801,40
9802,40
9803,31
9804,40
9805,40
9806,40
9807,40
9808,57
9809,40
9810,46
9811,26
9812,40
9813,32
9814,39
9815,40
9816,88
9817,43
9818,40
9819,40
9820,45
9821,40
9822,81
9823,40
9824,40
9825,40
9826,11
9827,40
9828,40
9829,40
9830,40
9831,40
9832,84
9833,40
9834,40
9835,96
9836,40
9837,40
9838,40
9839,40
9840,40
9841,40
9842,40
9843,40
9844,40
9845,40
9846,11
9847,7
9848,38
9849,40
9850,8
9851,40
9852,72
9853,40
9854,40
9855,4
9856,8
9857,40
9858,3
9859,33
9860,10
9861,43
9862,40
9863,40
9864,63
9865,40
9866,93
9867,40
9868,41
9869,40
9870,74
9871,40
9872,10
9873,40
9874,40
9875,40
9876,70
9877,40
9878,40
9879,19
9880,40
9881,46
9882,84
9883,36
9884,40
9885,40
9886,40
9887,40
9888,67
9889,45
9890,62
9891,33
9892,3
9893,40
9894,40
9895,43
9896,41
9897,92
9898,40
9899,40
9900,43
9901,27
9902,40
9903,40
9904,40
9905,69
9906,40
9907,72
9908,33
9909,40
9910,88
9911,62
9912,29
9913,46
9914,40
9915,8
9916,40
9917,7
9918,40
9919,9
9920,66
9921,40
9922,40
9923,40
9924,37
9925,40
9926,40
9927,40
9928,89
9929,40
9930,40
9931,36
9932,4
9933,40
9934,40
9935,40
9936,40
9937,40
9938,33
9939,92
9940,40
9941,40
9942,99
9943,11
9944,40
9945,19
9946,40
9947,16
9948,27
9949,74
9950,92
9951,40
9952,92
9953,40
9954,88
9955,40
9956,40
9957,10
9958,60
9959,40
9960,12
9961,78
9962,29
9963,40
9964,40
9965,40
9966,28
9967,19
9968,40
9969,40
9970,69
9971,40
9972,4
9973,40
9974,40
9975,31
9976,40
9977,86
9978,18
9979,51
9980,40
9981,40
9982,40
9983,40
9984,87
9985,40
9986,9
9987,40
9988,40
9989,40
9990,40
9991,40
9992,10
9993,11
9994,67
9995,99
9996,12
9997,40
9998,40
9999,88
